country;iso;year;expenditure_sport_recreation;expenditure_health;expenditure_education
Afghanistan;AFG;2003;;;
Angola;AGO;2003;;1,64;2,65
Albania;ALB;2003;;;
United Arab Emirates;ARE;2003;;;
Argentina;ARG;2003;0;1,12;2,7
Armenia;ARM;2003;;;
Australia;AUS;2003;0,26;5,73;5,25
Austria;AUT;2003;0,3;;
Azerbaijan;AZE;2003;;;
Burundi;BDI;2003;;;
Belgium;BEL;2003;0,37;6,86;5,89
Benin;BEN;2003;;;
Burkina Faso;BFA;2003;;;
Bangladesh;BGD;2003;;0,66;1,75
Bulgaria;BGR;2003;0,1;;
Bahrain;BHR;2003;0;;
Bahamas, The;BHS;2003;0;1,95;2,25
Bosnia and Herzegovina;BIH;2003;;;
Belarus;BLR;2003;;4,71;6,31
Belize;BLZ;2003;;;
Bolivia;BOL;2003;;3,22;6,86
Brazil;BRA;2003;;;
Barbados;BRB;2003;;3,61;5,95
Bhutan;BTN;2003;;3,18;5,52
Botswana;BWA;2003;;;
Central African Republic;CAF;2003;;;
Canada;CAN;2003;;;
Switzerland;CHE;2003;0,35;1,83;5,07
Chile;CHL;2003;;;
China;CHN;2003;;;
Cote d'Ivoire;CIV;2003;;;
Cameroon;CMR;2003;;;
Congo, Dem. Rep.;COD;2003;;;
Congo, Rep.;COG;2003;;;
Colombia;COL;2003;;;
Cabo Verde;CPV;2003;;;
Costa Rica;CRI;2003;;;
Cyprus;CYP;2003;0,4;;
Czechia;CZE;2003;0,37;7,37;5,22
Germany;DEU;2003;0,32;;
Dominica;DMA;2003;;;
Denmark;DNK;2003;0,47;;
Dominican Republic;DOM;2003;;1,17;1,54
Algeria;DZA;2003;;;
Ecuador;ECU;2003;;;
Egypt, Arab Rep.;EGY;2003;0;1,73;4,7
Spain;ESP;2003;;;
Estonia;EST;2003;0,45;;
Ethiopia;ETH;2003;;;
Finland;FIN;2003;;;
Fiji;FJI;2003;;;
France;FRA;2003;0,51;;
Micronesia, Fed. Sts.;FSM;2003;;;
United Kingdom;GBR;2003;0,29;5,87;5,62
Georgia;GEO;2003;;0,34;1,86
Ghana;GHA;2003;;;
Guinea;GIN;2003;;;
Gambia, The;GMB;2003;;;
Guinea-Bissau;GNB;2003;;;
Equatorial Guinea;GNQ;2003;;;
Greece;GRC;2003;0,17;;
Grenada;GRD;2003;;;
Guatemala;GTM;2003;;;
Hong Kong SAR, China;HKG;2003;0;2,76;4,36
Honduras;HND;2003;;;
Croatia;HRV;2003;0,28;;
Hungary;HUN;2003;0,32;;
Indonesia;IDN;2003;;;
India;IND;2003;;0,58;2,65
Ireland;IRL;2003;;;
Iran, Islamic Rep.;IRN;2003;0;1,84;1,81
Iraq;IRQ;2003;;;
Iceland;ISL;2003;;8,54;7,93
Israel;ISR;2003;;5,06;6,92
Italy;ITA;2003;0,26;6,25;4,54
Jamaica;JAM;2003;;2,16;5,24
Jordan;JOR;2003;;3,3;4,77
Japan;JPN;2003;;;
Kazakhstan;KAZ;2003;;;
Kenya;KEN;2003;;;
Kyrgyz Republic;KGZ;2003;;;
Cambodia;KHM;2003;;;
Kiribati;KIR;2003;;;
St. Kitts and Nevis;KNA;2003;;;
Korea, Rep.;KOR;2003;;;
Kuwait;KWT;2003;;;
Lao PDR;LAO;2003;;;
Lebanon;LBN;2003;;;
Liberia;LBR;2003;;;
Sri Lanka;LKA;2003;0;1,27;1,81
Lesotho;LSO;2003;;;
Lithuania;LTU;2003;0,13;5,02;5,7
Luxembourg;LUX;2003;0,43;;
Latvia;LVA;2003;0,14;;
Macao SAR, China;MAC;2003;;;
Morocco;MAR;2003;;;
Moldova;MDA;2003;;3,61;6,41
Madagascar;MDG;2003;;;
Maldives;MDV;2003;0;2,7;5,37
Mexico;MEX;2003;;;
Marshall Islands;MHL;2003;;;
North Macedonia;MKD;2003;;;
Mali;MLI;2003;;;
Malta;MLT;2003;;;
Myanmar;MMR;2003;;;
Mongolia;MNG;2003;;;
Mozambique;MOZ;2003;;;
Mauritius;MUS;2003;;1,92;3,62
Malawi;MWI;2003;;;
Malaysia;MYS;2003;;;
Namibia;NAM;2003;;3,32;6,93
Niger;NER;2003;;;
Nigeria;NGA;2003;;0,3;0,6
Nicaragua;NIC;2003;;;
Netherlands;NLD;2003;;;
Norway;NOR;2003;0,28;;
Nepal;NPL;2003;;;
Nauru;NRU;2003;;;
New Zealand;NZL;2003;;;
Oman;OMN;2003;;2,12;5,19
Pakistan;PAK;2003;;;
Panama;PAN;2003;;;
Peru;PER;2003;;;
Philippines;PHL;2003;;0,26;2,73
Palau;PLW;2003;;;
Papua New Guinea;PNG;2003;;;
Poland;POL;2003;0,27;;
Portugal;PRT;2003;0,53;7,05;6,48
Paraguay;PRY;2003;;;
West Bank and Gaza;PSE;2003;;;
Qatar;QAT;2003;;;
Romania;ROU;2003;0,24;;
Russian Federation;RUS;2003;;;
Rwanda;RWA;2003;;;
Saudi Arabia;SAU;2003;;;
Sudan;SDN;2003;;;
Senegal;SEN;2003;;;
Singapore;SGP;2003;;1,39;3,86
Solomon Islands;SLB;2003;;;
Sierra Leone;SLE;2003;;;
El Salvador;SLV;2003;;2,7;3,2
San Marino;SMR;2003;;4,83;3,13
Somalia;SOM;2003;;;
Serbia;SRB;2003;;;
Sao Tome and Principe;STP;2003;;;
Suriname;SUR;2003;;;
Slovak Republic;SVK;2003;;5,53;4,37
Slovenia;SVN;2003;;;
Sweden;SWE;2003;;;
Eswatini;SWZ;2003;;;
Seychelles;SYC;2003;;;
Togo;TGO;2003;;;
Thailand;THA;2003;;;
Tajikistan;TJK;2003;;;
Timor-Leste;TLS;2003;;;
Tonga;TON;2003;;;
Trinidad and Tobago;TTO;2003;;1,74;3,79
Tunisia;TUN;2003;;;
Turkiye;TUR;2003;;;
Tanzania;TZA;2003;;;
Uganda;UGA;2003;;2,33;3,28
Ukraine;UKR;2003;;4,02;5,49
Uruguay;URY;2003;;;
United States;USA;2003;;7,17;6,33
Uzbekistan;UZB;2003;;;
St. Vincent and the Grenadines;VCT;2003;;;
Vietnam;VNM;2003;;;
Vanuatu;VUT;2003;;;
Samoa;WSM;2003;;;
Kosovo;XKX;2003;;;
Yemen, Rep.;YEM;2003;;;
South Africa;ZAF;2003;;3,03;5,47
Zambia;ZMB;2003;;2,18;3,93
Zimbabwe;ZWE;2003;;;
Afghanistan;AFG;2004;;;
Angola;AGO;2004;;1,29;1,94
Albania;ALB;2004;;;
United Arab Emirates;ARE;2004;;;
Argentina;ARG;2004;0;1,19;2,94
Armenia;ARM;2004;;;
Australia;AUS;2004;0,38;5,75;5,19
Austria;AUT;2004;0,29;;
Azerbaijan;AZE;2004;;;
Burundi;BDI;2004;;;
Belgium;BEL;2004;0,35;6,89;5,63
Benin;BEN;2004;;;
Burkina Faso;BFA;2004;;;
Bangladesh;BGD;2004;;0,67;1,64
Bulgaria;BGR;2004;0,1;;
Bahrain;BHR;2004;0;;
Bahamas, The;BHS;2004;0;2,04;2,31
Bosnia and Herzegovina;BIH;2004;;;
Belarus;BLR;2004;;4,76;6,51
Belize;BLZ;2004;;;
Bolivia;BOL;2004;0;3,26;6,85
Brazil;BRA;2004;;;
Barbados;BRB;2004;;;
Bhutan;BTN;2004;;2,82;4,41
Botswana;BWA;2004;;;
Central African Republic;CAF;2004;;;
Canada;CAN;2004;;;
Switzerland;CHE;2004;0,36;1,78;4,98
Chile;CHL;2004;;;
China;CHN;2004;;;
Cote d'Ivoire;CIV;2004;;;
Cameroon;CMR;2004;;;
Congo, Dem. Rep.;COD;2004;;;
Congo, Rep.;COG;2004;;0,86;2,08
Colombia;COL;2004;;;
Cabo Verde;CPV;2004;;;
Costa Rica;CRI;2004;;;
Cyprus;CYP;2004;0,39;;
Czechia;CZE;2004;0,4;7,16;4,77
Germany;DEU;2004;0,3;;
Dominica;DMA;2004;;;
Denmark;DNK;2004;0,47;;
Dominican Republic;DOM;2004;;;
Algeria;DZA;2004;;;
Ecuador;ECU;2004;;;
Egypt, Arab Rep.;EGY;2004;0;1,58;4,44
Spain;ESP;2004;;;
Estonia;EST;2004;0,4;;
Ethiopia;ETH;2004;;;
Finland;FIN;2004;;;
Fiji;FJI;2004;;;
France;FRA;2004;0,51;;
Micronesia, Fed. Sts.;FSM;2004;;;
United Kingdom;GBR;2004;0,28;6,26;5,57
Georgia;GEO;2004;;0,94;2,83
Ghana;GHA;2004;;;
Guinea;GIN;2004;;;
Gambia, The;GMB;2004;;;
Guinea-Bissau;GNB;2004;;;
Equatorial Guinea;GNQ;2004;;;
Greece;GRC;2004;0,21;;
Grenada;GRD;2004;;;
Guatemala;GTM;2004;;;
Hong Kong SAR, China;HKG;2004;0;2,53;3,93
Honduras;HND;2004;;;
Croatia;HRV;2004;0,34;;
Hungary;HUN;2004;0,35;;
Indonesia;IDN;2004;;;
India;IND;2004;;0,56;2,78
Ireland;IRL;2004;;;
Iran, Islamic Rep.;IRN;2004;0;1,49;1,58
Iraq;IRQ;2004;;;
Iceland;ISL;2004;;8,3;7,85
Israel;ISR;2004;;4,98;6,59
Italy;ITA;2004;0,31;6,58;4,32
Jamaica;JAM;2004;;;
Jordan;JOR;2004;;3,35;4,52
Japan;JPN;2004;;;
Kazakhstan;KAZ;2004;;;
Kenya;KEN;2004;;;
Kyrgyz Republic;KGZ;2004;;;
Cambodia;KHM;2004;;;
Kiribati;KIR;2004;;;
St. Kitts and Nevis;KNA;2004;;;
Korea, Rep.;KOR;2004;;;
Kuwait;KWT;2004;;;
Lao PDR;LAO;2004;;;
Lebanon;LBN;2004;;;
Liberia;LBR;2004;;;
Sri Lanka;LKA;2004;0;1,39;1,71
Lesotho;LSO;2004;;;
Lithuania;LTU;2004;0,16;4,13;6,53
Luxembourg;LUX;2004;0,41;;
Latvia;LVA;2004;0,16;;
Macao SAR, China;MAC;2004;;;
Morocco;MAR;2004;;;
Moldova;MDA;2004;;6,18;5,98
Madagascar;MDG;2004;;;
Maldives;MDV;2004;0;2,72;4,81
Mexico;MEX;2004;;;
Marshall Islands;MHL;2004;;;
North Macedonia;MKD;2004;;;
Mali;MLI;2004;;;
Malta;MLT;2004;;;
Myanmar;MMR;2004;;;
Mongolia;MNG;2004;;;
Mozambique;MOZ;2004;;;
Mauritius;MUS;2004;;2,07;3,6
Malawi;MWI;2004;;;
Malaysia;MYS;2004;;;
Namibia;NAM;2004;;2,97;6,36
Niger;NER;2004;;;
Nigeria;NGA;2004;;0,3;0,49
Nicaragua;NIC;2004;;;
Netherlands;NLD;2004;;;
Norway;NOR;2004;0,28;;
Nepal;NPL;2004;;;
Nauru;NRU;2004;;;
New Zealand;NZL;2004;0;;
Oman;OMN;2004;;1,96;5
Pakistan;PAK;2004;;;
Panama;PAN;2004;;;
Peru;PER;2004;;;
Philippines;PHL;2004;;0,27;2,41
Palau;PLW;2004;;;
Papua New Guinea;PNG;2004;;;
Poland;POL;2004;0,26;;
Portugal;PRT;2004;0,39;7,33;6,6
Paraguay;PRY;2004;;;
West Bank and Gaza;PSE;2004;;;
Qatar;QAT;2004;;2,59;2,57
Romania;ROU;2004;0,2;;
Russian Federation;RUS;2004;;;
Rwanda;RWA;2004;;;
Saudi Arabia;SAU;2004;;;
Sudan;SDN;2004;;;
Senegal;SEN;2004;;;
Singapore;SGP;2004;;0,92;3,46
Solomon Islands;SLB;2004;;;
Sierra Leone;SLE;2004;;;
El Salvador;SLV;2004;;;
San Marino;SMR;2004;;5,05;
Somalia;SOM;2004;;;
Serbia;SRB;2004;;;
Sao Tome and Principe;STP;2004;;;
Suriname;SUR;2004;;;
Slovak Republic;SVK;2004;;5,06;3,77
Slovenia;SVN;2004;;;
Sweden;SWE;2004;;;
Eswatini;SWZ;2004;;;
Seychelles;SYC;2004;;;
Togo;TGO;2004;;;
Thailand;THA;2004;;;
Tajikistan;TJK;2004;;;
Timor-Leste;TLS;2004;;;
Tonga;TON;2004;;;
Trinidad and Tobago;TTO;2004;;1,86;4,07
Tunisia;TUN;2004;;;
Turkiye;TUR;2004;;;
Tanzania;TZA;2004;;;
Uganda;UGA;2004;;1,8;2,89
Ukraine;UKR;2004;;3,87;5,23
Uruguay;URY;2004;;;
United States;USA;2004;;7,29;6,25
Uzbekistan;UZB;2004;;;
St. Vincent and the Grenadines;VCT;2004;;;
Vietnam;VNM;2004;;;
Vanuatu;VUT;2004;;;
Samoa;WSM;2004;;;
Kosovo;XKX;2004;;;
Yemen, Rep.;YEM;2004;;;
South Africa;ZAF;2004;;3,17;5,4
Zambia;ZMB;2004;;2,18;2,7
Zimbabwe;ZWE;2004;;;
Afghanistan;AFG;2005;;;
Angola;AGO;2005;;1,19;1,72
Albania;ALB;2005;;;
United Arab Emirates;ARE;2005;;;
Argentina;ARG;2005;;;
Armenia;ARM;2005;;;
Australia;AUS;2005;0,38;6,01;5,27
Austria;AUT;2005;0,29;;
Azerbaijan;AZE;2005;;;
Burundi;BDI;2005;;;
Belgium;BEL;2005;0,38;6,8;5,69
Benin;BEN;2005;;;
Burkina Faso;BFA;2005;;;
Bangladesh;BGD;2005;;0,65;1,54
Bulgaria;BGR;2005;0,07;;
Bahrain;BHR;2005;;;
Bahamas, The;BHS;2005;0;2,06;2,29
Bosnia and Herzegovina;BIH;2005;;;
Belarus;BLR;2005;;4,86;6,7
Belize;BLZ;2005;;;
Bolivia;BOL;2005;;3,85;6,71
Brazil;BRA;2005;;;
Barbados;BRB;2005;;3,52;5,88
Bhutan;BTN;2005;;3,22;6,46
Botswana;BWA;2005;;;
Central African Republic;CAF;2005;;;
Canada;CAN;2005;;;
Switzerland;CHE;2005;0,35;1,77;4,9
Chile;CHL;2005;;2,69;3,16
China;CHN;2005;;;
Cote d'Ivoire;CIV;2005;;;
Cameroon;CMR;2005;;;
Congo, Dem. Rep.;COD;2005;;;
Congo, Rep.;COG;2005;;1,09;1,84
Colombia;COL;2005;;;
Cabo Verde;CPV;2005;;;
Costa Rica;CRI;2005;;;
Cyprus;CYP;2005;0,42;;
Czechia;CZE;2005;0,38;6,88;4,74
Germany;DEU;2005;0,29;;
Dominica;DMA;2005;;;
Denmark;DNK;2005;0,46;;
Dominican Republic;DOM;2005;;;
Algeria;DZA;2005;;;
Ecuador;ECU;2005;;;
Egypt, Arab Rep.;EGY;2005;0;1,28;4,56
Spain;ESP;2005;;;
Estonia;EST;2005;0,52;;
Ethiopia;ETH;2005;;;
Finland;FIN;2005;;;
Fiji;FJI;2005;;;
France;FRA;2005;0,53;;
Micronesia, Fed. Sts.;FSM;2005;;;
United Kingdom;GBR;2005;0,28;6,39;5,52
Georgia;GEO;2005;;;
Ghana;GHA;2005;;;
Guinea;GIN;2005;;;
Gambia, The;GMB;2005;;;
Guinea-Bissau;GNB;2005;;;
Equatorial Guinea;GNQ;2005;;;
Greece;GRC;2005;0,22;;
Grenada;GRD;2005;;;
Guatemala;GTM;2005;;;
Hong Kong SAR, China;HKG;2005;0;2,19;3,33
Honduras;HND;2005;;;
Croatia;HRV;2005;0,39;;
Hungary;HUN;2005;0,36;;
Indonesia;IDN;2005;;;
India;IND;2005;;0,59;2,75
Ireland;IRL;2005;;;
Iran, Islamic Rep.;IRN;2005;0;1,29;1,51
Iraq;IRQ;2005;;;
Iceland;ISL;2005;;;
Israel;ISR;2005;;4,96;6,36
Italy;ITA;2005;0,27;6,82;4,44
Jamaica;JAM;2005;;;
Jordan;JOR;2005;;3,14;4,92
Japan;JPN;2005;0,1;;
Kazakhstan;KAZ;2005;;;
Kenya;KEN;2005;;;
Kyrgyz Republic;KGZ;2005;;;
Cambodia;KHM;2005;;;
Kiribati;KIR;2005;;;
St. Kitts and Nevis;KNA;2005;;;
Korea, Rep.;KOR;2005;;;
Kuwait;KWT;2005;;;
Lao PDR;LAO;2005;;;
Lebanon;LBN;2005;;;
Liberia;LBR;2005;;0,6;1
Sri Lanka;LKA;2005;0;1,55;2,19
Lesotho;LSO;2005;;;
Lithuania;LTU;2005;0,15;4,95;6,2
Luxembourg;LUX;2005;0,38;;
Latvia;LVA;2005;0,19;;
Macao SAR, China;MAC;2005;;;
Morocco;MAR;2005;;;
Moldova;MDA;2005;;4,17;7,26
Madagascar;MDG;2005;;;
Maldives;MDV;2005;;3,54;5,71
Mexico;MEX;2005;;;
Marshall Islands;MHL;2005;;;
North Macedonia;MKD;2005;;;
Mali;MLI;2005;;;
Malta;MLT;2005;;;
Myanmar;MMR;2005;;;
Mongolia;MNG;2005;;;
Mozambique;MOZ;2005;;;
Mauritius;MUS;2005;;2,05;3,59
Malawi;MWI;2005;;;
Malaysia;MYS;2005;;;
Namibia;NAM;2005;;2,83;6,25
Niger;NER;2005;;;
Nigeria;NGA;2005;;0,35;0,52
Nicaragua;NIC;2005;;;
Netherlands;NLD;2005;;;
Norway;NOR;2005;0,25;;
Nepal;NPL;2005;;;
Nauru;NRU;2005;;;
New Zealand;NZL;2005;0;;
Oman;OMN;2005;;1,71;4,63
Pakistan;PAK;2005;;;
Panama;PAN;2005;;;
Peru;PER;2005;;;
Philippines;PHL;2005;;0,22;2,28
Palau;PLW;2005;;;
Papua New Guinea;PNG;2005;;;
Poland;POL;2005;0,29;;
Portugal;PRT;2005;0,43;7,39;6,64
Paraguay;PRY;2005;;;
West Bank and Gaza;PSE;2005;;;
Qatar;QAT;2005;;2,17;2,83
Romania;ROU;2005;0,25;;
Russian Federation;RUS;2005;;3,66;3,33
Rwanda;RWA;2005;;;
Saudi Arabia;SAU;2005;;;
Sudan;SDN;2005;;;
Senegal;SEN;2005;;;
Singapore;SGP;2005;;0,84;3,13
Solomon Islands;SLB;2005;;;
Sierra Leone;SLE;2005;;;
El Salvador;SLV;2005;;3,76;3,48
San Marino;SMR;2005;;;
Somalia;SOM;2005;;;
Serbia;SRB;2005;;;
Sao Tome and Principe;STP;2005;;;
Suriname;SUR;2005;;;
Slovak Republic;SVK;2005;;6,38;3,88
Slovenia;SVN;2005;;;
Sweden;SWE;2005;;;
Eswatini;SWZ;2005;;;
Seychelles;SYC;2005;;;
Togo;TGO;2005;;;
Thailand;THA;2005;;;
Tajikistan;TJK;2005;;;
Timor-Leste;TLS;2005;;;
Tonga;TON;2005;;;
Trinidad and Tobago;TTO;2005;;2,18;4,16
Tunisia;TUN;2005;;;
Turkiye;TUR;2005;;;
Tanzania;TZA;2005;;;
Uganda;UGA;2005;;1,6;2,9
Ukraine;UKR;2005;;3,81;5,99
Uruguay;URY;2005;;;
United States;USA;2005;;7,27;6,17
Uzbekistan;UZB;2005;;;
St. Vincent and the Grenadines;VCT;2005;;;
Vietnam;VNM;2005;;;
Vanuatu;VUT;2005;;;
Samoa;WSM;2005;;;
Kosovo;XKX;2005;;;
Yemen, Rep.;YEM;2005;;;
South Africa;ZAF;2005;;3,29;5,64
Zambia;ZMB;2005;;1,58;2,5
Zimbabwe;ZWE;2005;;;
Afghanistan;AFG;2006;;1,39;4,68
Angola;AGO;2006;;1,65;2,03
Albania;ALB;2006;;;
United Arab Emirates;ARE;2006;;;
Argentina;ARG;2006;;;
Armenia;ARM;2006;;;
Australia;AUS;2006;0,37;5,97;5,17
Austria;AUT;2006;0,3;;
Azerbaijan;AZE;2006;;;
Burundi;BDI;2006;;;
Belgium;BEL;2006;0,39;6,7;5,63
Benin;BEN;2006;;;
Burkina Faso;BFA;2006;;;
Bangladesh;BGD;2006;;0,75;1,65
Bulgaria;BGR;2006;0,1;;
Bahrain;BHR;2006;;;
Bahamas, The;BHS;2006;;;
Bosnia and Herzegovina;BIH;2006;;;
Belarus;BLR;2006;;4,83;6,63
Belize;BLZ;2006;;;
Bolivia;BOL;2006;;3,29;6,73
Brazil;BRA;2006;;;
Barbados;BRB;2006;;3,48;5,73
Bhutan;BTN;2006;;4,2;6,7
Botswana;BWA;2006;;;
Central African Republic;CAF;2006;;;
Canada;CAN;2006;;;
Switzerland;CHE;2006;0,34;1,66;4,69
Chile;CHL;2006;;2,65;2,91
China;CHN;2006;;;
Cote d'Ivoire;CIV;2006;;;
Cameroon;CMR;2006;;;
Congo, Dem. Rep.;COD;2006;;;
Congo, Rep.;COG;2006;;1,07;1,92
Colombia;COL;2006;;;
Cabo Verde;CPV;2006;;;
Costa Rica;CRI;2006;;;
Cyprus;CYP;2006;0,41;;
Czechia;CZE;2006;0,47;6,94;4,88
Germany;DEU;2006;0,29;;
Dominica;DMA;2006;;;
Denmark;DNK;2006;0,46;;
Dominican Republic;DOM;2006;;;
Algeria;DZA;2006;;1,14;4,62
Ecuador;ECU;2006;;;
Egypt, Arab Rep.;EGY;2006;0;1,49;3,95
Spain;ESP;2006;;;
Estonia;EST;2006;0,58;;
Ethiopia;ETH;2006;;;
Finland;FIN;2006;;;
Fiji;FJI;2006;;;
France;FRA;2006;0,54;;
Micronesia, Fed. Sts.;FSM;2006;;;
United Kingdom;GBR;2006;0,29;6,56;5,61
Georgia;GEO;2006;;;
Ghana;GHA;2006;;;
Guinea;GIN;2006;;;
Gambia, The;GMB;2006;;;
Guinea-Bissau;GNB;2006;;;
Equatorial Guinea;GNQ;2006;;;
Greece;GRC;2006;0,2;;
Grenada;GRD;2006;;;
Guatemala;GTM;2006;;;
Hong Kong SAR, China;HKG;2006;0;2,27;3,31
Honduras;HND;2006;;;
Croatia;HRV;2006;0,4;;
Hungary;HUN;2006;0,4;;
Indonesia;IDN;2006;;;
India;IND;2006;;0,58;2,54
Ireland;IRL;2006;;;
Iran, Islamic Rep.;IRN;2006;0;1,64;1,24
Iraq;IRQ;2006;;;
Iceland;ISL;2006;1,54;7,59;7,67
Israel;ISR;2006;;4,85;6,2
Italy;ITA;2006;0,24;6,9;4,37
Jamaica;JAM;2006;;;
Jordan;JOR;2006;;3,89;4,66
Japan;JPN;2006;0,1;;
Kazakhstan;KAZ;2006;;;
Kenya;KEN;2006;;;
Kyrgyz Republic;KGZ;2006;;;
Cambodia;KHM;2006;;;
Kiribati;KIR;2006;;;
St. Kitts and Nevis;KNA;2006;;;
Korea, Rep.;KOR;2006;;;
Kuwait;KWT;2006;;;
Lao PDR;LAO;2006;;;
Lebanon;LBN;2006;;;
Liberia;LBR;2006;;0,6;0,98
Sri Lanka;LKA;2006;0;1,67;2,25
Lesotho;LSO;2006;;;
Lithuania;LTU;2006;0,16;4,57;5,38
Luxembourg;LUX;2006;0,34;;
Latvia;LVA;2006;0,33;;
Macao SAR, China;MAC;2006;;;
Morocco;MAR;2006;;;
Moldova;MDA;2006;;6,96;8,06
Madagascar;MDG;2006;;;
Maldives;MDV;2006;;3,41;5,22
Mexico;MEX;2006;;;
Marshall Islands;MHL;2006;;;
North Macedonia;MKD;2006;;;
Mali;MLI;2006;;;
Malta;MLT;2006;;;
Myanmar;MMR;2006;;;
Mongolia;MNG;2006;;;
Mozambique;MOZ;2006;;;
Mauritius;MUS;2006;;1,96;3,42
Malawi;MWI;2006;;;
Malaysia;MYS;2006;;;
Namibia;NAM;2006;;2,58;6,18
Niger;NER;2006;;;
Nigeria;NGA;2006;;0,33;0,53
Nicaragua;NIC;2006;;;
Netherlands;NLD;2006;;;
Norway;NOR;2006;0,24;;
Nepal;NPL;2006;;;
Nauru;NRU;2006;;;
New Zealand;NZL;2006;;;
Oman;OMN;2006;;1,49;4,63
Pakistan;PAK;2006;;;
Panama;PAN;2006;;;
Peru;PER;2006;;;
Philippines;PHL;2006;;0,21;2,23
Palau;PLW;2006;;;
Papua New Guinea;PNG;2006;;;
Poland;POL;2006;0,32;;
Portugal;PRT;2006;0,4;7,09;6,36
Paraguay;PRY;2006;;;
West Bank and Gaza;PSE;2006;;;
Qatar;QAT;2006;;1,74;2,17
Romania;ROU;2006;0,31;;
Russian Federation;RUS;2006;;3,76;3,59
Rwanda;RWA;2006;;;
Saudi Arabia;SAU;2006;;;
Sudan;SDN;2006;;;
Senegal;SEN;2006;;;
Singapore;SGP;2006;;0,83;2,89
Solomon Islands;SLB;2006;;;
Sierra Leone;SLE;2006;;;
El Salvador;SLV;2006;;;
San Marino;SMR;2006;;;
Somalia;SOM;2006;;;
Serbia;SRB;2006;;;
Sao Tome and Principe;STP;2006;;;
Suriname;SUR;2006;;;
Slovak Republic;SVK;2006;;6,63;3,9
Slovenia;SVN;2006;;;
Sweden;SWE;2006;;;
Eswatini;SWZ;2006;;;
Seychelles;SYC;2006;;;
Togo;TGO;2006;;;
Thailand;THA;2006;;;
Tajikistan;TJK;2006;;;
Timor-Leste;TLS;2006;;;
Tonga;TON;2006;;;
Trinidad and Tobago;TTO;2006;;1,92;4,1
Tunisia;TUN;2006;;;
Turkiye;TUR;2006;;;
Tanzania;TZA;2006;;;
Uganda;UGA;2006;;1,39;2,51
Ukraine;UKR;2006;;3,85;6,11
Uruguay;URY;2006;;;
United States;USA;2006;;7,43;6,16
Uzbekistan;UZB;2006;;;
St. Vincent and the Grenadines;VCT;2006;;;
Vietnam;VNM;2006;;;
Vanuatu;VUT;2006;;;
Samoa;WSM;2006;;;
Kosovo;XKX;2006;;;
Yemen, Rep.;YEM;2006;;;
South Africa;ZAF;2006;;;
Zambia;ZMB;2006;;;
Zimbabwe;ZWE;2006;;;
Afghanistan;AFG;2007;;2,38;4,17
Angola;AGO;2007;;1,84;2,92
Albania;ALB;2007;;;
United Arab Emirates;ARE;2007;;;
Argentina;ARG;2007;;;
Armenia;ARM;2007;;;
Australia;AUS;2007;0,36;5,92;4,97
Austria;AUT;2007;0,3;;
Azerbaijan;AZE;2007;;;
Burundi;BDI;2007;;;
Belgium;BEL;2007;0,37;6,76;5,52
Benin;BEN;2007;;;
Burkina Faso;BFA;2007;;;
Bangladesh;BGD;2007;;0,75;1,7
Bulgaria;BGR;2007;0,11;;
Bahrain;BHR;2007;;;
Bahamas, The;BHS;2007;;;
Bosnia and Herzegovina;BIH;2007;;;
Belarus;BLR;2007;;4,88;6,32
Belize;BLZ;2007;;;
Bolivia;BOL;2007;;3,26;7,07
Brazil;BRA;2007;;;
Barbados;BRB;2007;;;
Bhutan;BTN;2007;;3,84;6,67
Botswana;BWA;2007;;;
Central African Republic;CAF;2007;;;
Canada;CAN;2007;;;
Switzerland;CHE;2007;0,34;1,63;4,46
Chile;CHL;2007;;2,83;3,06
China;CHN;2007;;;
Cote d'Ivoire;CIV;2007;;;
Cameroon;CMR;2007;;;
Congo, Dem. Rep.;COD;2007;;;
Congo, Rep.;COG;2007;;1,17;2,18
Colombia;COL;2007;;;
Cabo Verde;CPV;2007;;;
Costa Rica;CRI;2007;;;
Cyprus;CYP;2007;0,42;;
Czechia;CZE;2007;0,44;6,75;4,3
Germany;DEU;2007;0,29;;
Dominica;DMA;2007;;;
Denmark;DNK;2007;0,47;;
Dominican Republic;DOM;2007;;;
Algeria;DZA;2007;;1,39;4,96
Ecuador;ECU;2007;;;
Egypt, Arab Rep.;EGY;2007;0;1,33;3,54
Spain;ESP;2007;;;
Estonia;EST;2007;0,43;;
Ethiopia;ETH;2007;;;
Finland;FIN;2007;;;
Fiji;FJI;2007;;;
France;FRA;2007;0,54;;
Micronesia, Fed. Sts.;FSM;2007;;;
United Kingdom;GBR;2007;0,31;6,57;5,65
Georgia;GEO;2007;;;
Ghana;GHA;2007;;;
Guinea;GIN;2007;;;
Gambia, The;GMB;2007;;;
Guinea-Bissau;GNB;2007;;;
Equatorial Guinea;GNQ;2007;;0,52;0,48
Greece;GRC;2007;0,2;;
Grenada;GRD;2007;;;
Guatemala;GTM;2007;;;
Hong Kong SAR, China;HKG;2007;0;2,15;3,12
Honduras;HND;2007;;;
Croatia;HRV;2007;0,41;;
Hungary;HUN;2007;0,35;;
Indonesia;IDN;2007;;;
India;IND;2007;;0,64;2,59
Ireland;IRL;2007;;;
Iran, Islamic Rep.;IRN;2007;0;1,73;1,99
Iraq;IRQ;2007;;;
Iceland;ISL;2007;1,77;7,47;7,44
Israel;ISR;2007;;4,67;6,18
Italy;ITA;2007;0,24;6,68;4,42
Jamaica;JAM;2007;;;
Jordan;JOR;2007;;2,59;5,04
Japan;JPN;2007;0,09;;
Kazakhstan;KAZ;2007;;;
Kenya;KEN;2007;;;
Kyrgyz Republic;KGZ;2007;;;
Cambodia;KHM;2007;;;
Kiribati;KIR;2007;;;
St. Kitts and Nevis;KNA;2007;;;
Korea, Rep.;KOR;2007;;;
Kuwait;KWT;2007;;;
Lao PDR;LAO;2007;;;
Lebanon;LBN;2007;;;
Liberia;LBR;2007;;0,89;0,87
Sri Lanka;LKA;2007;0;1,62;2,19
Lesotho;LSO;2007;;;
Lithuania;LTU;2007;0,17;4,58;4,98
Luxembourg;LUX;2007;0,34;;
Latvia;LVA;2007;0,36;;
Macao SAR, China;MAC;2007;;;
Morocco;MAR;2007;;;
Moldova;MDA;2007;;;
Madagascar;MDG;2007;;;
Maldives;MDV;2007;;3,27;5,49
Mexico;MEX;2007;;;
Marshall Islands;MHL;2007;;;
North Macedonia;MKD;2007;;;
Mali;MLI;2007;;;
Malta;MLT;2007;;;
Myanmar;MMR;2007;;;
Mongolia;MNG;2007;;;
Mozambique;MOZ;2007;;;
Mauritius;MUS;2007;;1,79;3,05
Malawi;MWI;2007;;;
Malaysia;MYS;2007;;;
Namibia;NAM;2007;;2,71;5,55
Niger;NER;2007;;;
Nigeria;NGA;2007;;0,54;0,6
Nicaragua;NIC;2007;;;
Netherlands;NLD;2007;;;
Norway;NOR;2007;0,26;;
Nepal;NPL;2007;;;
Nauru;NRU;2007;;;
New Zealand;NZL;2007;;;
Oman;OMN;2007;;1,52;4,69
Pakistan;PAK;2007;;;
Panama;PAN;2007;;;
Peru;PER;2007;;;
Philippines;PHL;2007;;0,25;2,31
Palau;PLW;2007;;;
Papua New Guinea;PNG;2007;;;
Poland;POL;2007;0,33;;
Portugal;PRT;2007;0,37;7,12;5,88
Paraguay;PRY;2007;;;
West Bank and Gaza;PSE;2007;;;
Qatar;QAT;2007;;1,42;2,05
Romania;ROU;2007;0,35;;
Russian Federation;RUS;2007;;;
Rwanda;RWA;2007;;;
Saudi Arabia;SAU;2007;;;
Sudan;SDN;2007;;;
Senegal;SEN;2007;;;
Singapore;SGP;2007;;0,82;2,82
Solomon Islands;SLB;2007;;;
Sierra Leone;SLE;2007;;;
El Salvador;SLV;2007;;3,22;3,18
San Marino;SMR;2007;;;
Somalia;SOM;2007;;;
Serbia;SRB;2007;0;6,13;3,95
Sao Tome and Principe;STP;2007;;;
Suriname;SUR;2007;;;
Slovak Republic;SVK;2007;0,14;6,19;3,65
Slovenia;SVN;2007;;;
Sweden;SWE;2007;;;
Eswatini;SWZ;2007;;;
Seychelles;SYC;2007;;;
Togo;TGO;2007;;;
Thailand;THA;2007;;;
Tajikistan;TJK;2007;;;
Timor-Leste;TLS;2007;;;
Tonga;TON;2007;;;
Trinidad and Tobago;TTO;2007;;2,02;4,17
Tunisia;TUN;2007;;;
Turkiye;TUR;2007;;;
Tanzania;TZA;2007;;;
Uganda;UGA;2007;;1,1;2,34
Ukraine;UKR;2007;;3,9;6,04
Uruguay;URY;2007;;;
United States;USA;2007;;7,69;6,24
Uzbekistan;UZB;2007;;;
St. Vincent and the Grenadines;VCT;2007;;;
Vietnam;VNM;2007;;;
Vanuatu;VUT;2007;;;
Samoa;WSM;2007;;;
Kosovo;XKX;2007;;;
Yemen, Rep.;YEM;2007;;;
South Africa;ZAF;2007;;;
Zambia;ZMB;2007;0,03;;
Zimbabwe;ZWE;2007;;;
Afghanistan;AFG;2008;;2,31;4,38
Angola;AGO;2008;;1,82;2,69
Albania;ALB;2008;;;
United Arab Emirates;ARE;2008;;;
Argentina;ARG;2008;;;
Armenia;ARM;2008;;;
Australia;AUS;2008;0,34;5,97;4,9
Austria;AUT;2008;0,31;;
Azerbaijan;AZE;2008;;0,89;2,55
Burundi;BDI;2008;;;
Belgium;BEL;2008;0,38;7,29;5,72
Benin;BEN;2008;;;
Burkina Faso;BFA;2008;;;
Bangladesh;BGD;2008;;0,71;1,62
Bulgaria;BGR;2008;0,16;;
Bahrain;BHR;2008;;;
Bahamas, The;BHS;2008;;;
Bosnia and Herzegovina;BIH;2008;;;
Belarus;BLR;2008;;4,26;5,71
Belize;BLZ;2008;;;
Bolivia;BOL;2008;;;
Brazil;BRA;2008;;;
Barbados;BRB;2008;;;
Bhutan;BTN;2008;;3,52;6,09
Botswana;BWA;2008;;;
Central African Republic;CAF;2008;;0,7;1,23
Canada;CAN;2008;0,31;7,57;4,37
Switzerland;CHE;2008;0,34;1,72;4,54
Chile;CHL;2008;;3,16;3,69
China;CHN;2008;;;
Cote d'Ivoire;CIV;2008;;;
Cameroon;CMR;2008;;;
Congo, Dem. Rep.;COD;2008;;;
Congo, Rep.;COG;2008;;1,8;2,1
Colombia;COL;2008;;;
Cabo Verde;CPV;2008;;;4,73
Costa Rica;CRI;2008;;;
Cyprus;CYP;2008;0,42;;
Czechia;CZE;2008;0,43;6,91;4,3
Germany;DEU;2008;0,3;;
Dominica;DMA;2008;;;
Denmark;DNK;2008;0,49;;
Dominican Republic;DOM;2008;;;
Algeria;DZA;2008;;1,62;5,29
Ecuador;ECU;2008;;;
Egypt, Arab Rep.;EGY;2008;0;1,4;3,58
Spain;ESP;2008;;;
Estonia;EST;2008;0,46;;
Ethiopia;ETH;2008;;;
Finland;FIN;2008;;;
Fiji;FJI;2008;;;
France;FRA;2008;0,54;;
Micronesia, Fed. Sts.;FSM;2008;0;8,31;11,96
United Kingdom;GBR;2008;0,35;6,86;5,76
Georgia;GEO;2008;;;
Ghana;GHA;2008;;;
Guinea;GIN;2008;;;
Gambia, The;GMB;2008;;;
Guinea-Bissau;GNB;2008;;;
Equatorial Guinea;GNQ;2008;;0,31;0,43
Greece;GRC;2008;0,2;;
Grenada;GRD;2008;;;
Guatemala;GTM;2008;;;
Hong Kong SAR, China;HKG;2008;0;2,28;3,3
Honduras;HND;2008;;;
Croatia;HRV;2008;0,42;;
Hungary;HUN;2008;0,38;;
Indonesia;IDN;2008;;;
India;IND;2008;;0,62;2,63
Ireland;IRL;2008;;;
Iran, Islamic Rep.;IRN;2008;0;1,86;3,89
Iraq;IRQ;2008;;;
Iceland;ISL;2008;1,67;7,41;7,52
Israel;ISR;2008;;4,76;6,45
Italy;ITA;2008;0,22;7,01;4,29
Jamaica;JAM;2008;;;
Jordan;JOR;2008;;3,27;3,67
Japan;JPN;2008;0,1;;
Kazakhstan;KAZ;2008;;;
Kenya;KEN;2008;;;
Kyrgyz Republic;KGZ;2008;;;
Cambodia;KHM;2008;;;
Kiribati;KIR;2008;;;
St. Kitts and Nevis;KNA;2008;;;
Korea, Rep.;KOR;2008;;;
Kuwait;KWT;2008;;;
Lao PDR;LAO;2008;;;
Lebanon;LBN;2008;;;
Liberia;LBR;2008;;1,19;1,26
Sri Lanka;LKA;2008;;1,43;1,92
Lesotho;LSO;2008;;;
Lithuania;LTU;2008;0,18;4,96;5,73
Luxembourg;LUX;2008;0,36;;
Latvia;LVA;2008;0,39;;
Macao SAR, China;MAC;2008;;;
Morocco;MAR;2008;;;
Moldova;MDA;2008;;;
Madagascar;MDG;2008;;;
Maldives;MDV;2008;;4,56;5,61
Mexico;MEX;2008;;;
Marshall Islands;MHL;2008;0;8,02;17,56
North Macedonia;MKD;2008;;;
Mali;MLI;2008;;;
Malta;MLT;2008;;;
Myanmar;MMR;2008;;;
Mongolia;MNG;2008;;;
Mozambique;MOZ;2008;;;
Mauritius;MUS;2008;;1,72;3,06
Malawi;MWI;2008;;;
Malaysia;MYS;2008;;;
Namibia;NAM;2008;0,36;3,93;6,97
Niger;NER;2008;;;
Nigeria;NGA;2008;;0,5;0,54
Nicaragua;NIC;2008;;;
Netherlands;NLD;2008;;;
Norway;NOR;2008;0,27;;
Nepal;NPL;2008;;;
Nauru;NRU;2008;;;
New Zealand;NZL;2008;;;
Oman;OMN;2008;;1,25;3,8
Pakistan;PAK;2008;;;
Panama;PAN;2008;;;
Peru;PER;2008;;;
Philippines;PHL;2008;;0,36;2,31
Palau;PLW;2008;0,22;7,9;6,24
Papua New Guinea;PNG;2008;;;
Poland;POL;2008;0,44;;
Portugal;PRT;2008;0,4;7,3;5,97
Paraguay;PRY;2008;;;
West Bank and Gaza;PSE;2008;;;
Qatar;QAT;2008;;1,44;3,03
Romania;ROU;2008;0,35;;
Russian Federation;RUS;2008;;3,88;3,76
Rwanda;RWA;2008;;;
Saudi Arabia;SAU;2008;;;
Sudan;SDN;2008;;;
Senegal;SEN;2008;;;
Singapore;SGP;2008;;1;3,05
Solomon Islands;SLB;2008;;;
Sierra Leone;SLE;2008;;;
El Salvador;SLV;2008;;3,82;3,34
San Marino;SMR;2008;;;
Somalia;SOM;2008;;;
Serbia;SRB;2008;0;5,88;4,28
Sao Tome and Principe;STP;2008;;;
Suriname;SUR;2008;;;
Slovak Republic;SVK;2008;0,15;6,82;3,69
Slovenia;SVN;2008;;;
Sweden;SWE;2008;;;
Eswatini;SWZ;2008;;;
Seychelles;SYC;2008;;;
Togo;TGO;2008;;;
Thailand;THA;2008;;;
Tajikistan;TJK;2008;;;
Timor-Leste;TLS;2008;;;
Tonga;TON;2008;;;
Trinidad and Tobago;TTO;2008;;1,81;4,13
Tunisia;TUN;2008;;;
Turkiye;TUR;2008;;5,2;3,32
Tanzania;TZA;2008;;;
Uganda;UGA;2008;;0,92;1,96
Ukraine;UKR;2008;;3,65;6,39
Uruguay;URY;2008;;;
United States;USA;2008;;7,98;6,44
Uzbekistan;UZB;2008;;;
St. Vincent and the Grenadines;VCT;2008;;;
Vietnam;VNM;2008;;;
Vanuatu;VUT;2008;;;
Samoa;WSM;2008;;;
Kosovo;XKX;2008;;;
Yemen, Rep.;YEM;2008;;;
South Africa;ZAF;2008;;3,74;6,1
Zambia;ZMB;2008;0,03;;
Zimbabwe;ZWE;2008;;;
Afghanistan;AFG;2009;;2,22;4,81
Angola;AGO;2009;;1,8;3,21
Albania;ALB;2009;;;
United Arab Emirates;ARE;2009;;;
Argentina;ARG;2009;;;
Armenia;ARM;2009;;;
Australia;AUS;2009;0,37;6,43;5,4
Austria;AUT;2009;0,3;;
Azerbaijan;AZE;2009;;1,16;3,37
Burundi;BDI;2009;;;
Belgium;BEL;2009;0,42;7,84;6,08
Benin;BEN;2009;;;
Burkina Faso;BFA;2009;;;
Bangladesh;BGD;2009;;0,72;1,6
Bulgaria;BGR;2009;0,09;;
Bahrain;BHR;2009;;;
Bahamas, The;BHS;2009;;;
Bosnia and Herzegovina;BIH;2009;;;
Belarus;BLR;2009;;4,33;5,63
Belize;BLZ;2009;;;
Bolivia;BOL;2009;;;
Brazil;BRA;2009;;;
Barbados;BRB;2009;;;
Bhutan;BTN;2009;;3,41;6,37
Botswana;BWA;2009;;;
Central African Republic;CAF;2009;;0,69;1,36
Canada;CAN;2009;0,32;8,48;4,89
Switzerland;CHE;2009;0,34;1,86;4,82
Chile;CHL;2009;;3,82;4,27
China;CHN;2009;;;
Cote d'Ivoire;CIV;2009;;;
Cameroon;CMR;2009;;;
Congo, Dem. Rep.;COD;2009;;;
Congo, Rep.;COG;2009;;1,46;2,38
Colombia;COL;2009;;;
Cabo Verde;CPV;2009;;;5,86
Costa Rica;CRI;2009;;;
Cyprus;CYP;2009;0,45;;
Czechia;CZE;2009;0,49;7,77;4,62
Germany;DEU;2009;0,31;;
Dominica;DMA;2009;;;
Denmark;DNK;2009;0,47;;
Dominican Republic;DOM;2009;;;
Algeria;DZA;2009;;2,31;6,03
Ecuador;ECU;2009;;;
Egypt, Arab Rep.;EGY;2009;0;1,44;3,64
Spain;ESP;2009;;;
Estonia;EST;2009;0,5;;
Ethiopia;ETH;2009;;;
Finland;FIN;2009;;;
Fiji;FJI;2009;;;
France;FRA;2009;0,58;;
Micronesia, Fed. Sts.;FSM;2009;0;7,64;10,94
United Kingdom;GBR;2009;0,39;7,73;6,18
Georgia;GEO;2009;;;
Ghana;GHA;2009;;;
Guinea;GIN;2009;;;
Gambia, The;GMB;2009;;;
Guinea-Bissau;GNB;2009;;;
Equatorial Guinea;GNQ;2009;;0,64;0,76
Greece;GRC;2009;0,2;;
Grenada;GRD;2009;;;
Guatemala;GTM;2009;;;
Hong Kong SAR, China;HKG;2009;0;2,45;3,48
Honduras;HND;2009;;;
Croatia;HRV;2009;0,54;;
Hungary;HUN;2009;0,37;;
Indonesia;IDN;2009;;;
India;IND;2009;;0,66;3,12
Ireland;IRL;2009;;;
Iran, Islamic Rep.;IRN;2009;0;1,97;4,05
Iraq;IRQ;2009;;;
Iceland;ISL;2009;1,6;7,88;7,57
Israel;ISR;2009;;4,82;6,47
Italy;ITA;2009;0,24;7,42;4,53
Jamaica;JAM;2009;;;
Jordan;JOR;2009;;4;3,59
Japan;JPN;2009;0,11;;
Kazakhstan;KAZ;2009;;;
Kenya;KEN;2009;;;
Kyrgyz Republic;KGZ;2009;;;
Cambodia;KHM;2009;;;
Kiribati;KIR;2009;;;
St. Kitts and Nevis;KNA;2009;;;
Korea, Rep.;KOR;2009;;;
Kuwait;KWT;2009;;;
Lao PDR;LAO;2009;;;
Lebanon;LBN;2009;;;
Liberia;LBR;2009;;;
Sri Lanka;LKA;2009;;1,25;1,76
Lesotho;LSO;2009;;;
Lithuania;LTU;2009;0,22;5,53;6,73
Luxembourg;LUX;2009;0,42;;
Latvia;LVA;2009;0,27;;
Macao SAR, China;MAC;2009;;;
Morocco;MAR;2009;;;
Moldova;MDA;2009;;;
Madagascar;MDG;2009;;;
Maldives;MDV;2009;;4,65;6,45
Mexico;MEX;2009;;;
Marshall Islands;MHL;2009;0;7,83;23,27
North Macedonia;MKD;2009;;;
Mali;MLI;2009;;;
Malta;MLT;2009;;;
Myanmar;MMR;2009;;;
Mongolia;MNG;2009;;;
Mozambique;MOZ;2009;;;
Mauritius;MUS;2009;;2,1;3,6
Malawi;MWI;2009;;;
Malaysia;MYS;2009;;;
Namibia;NAM;2009;0,42;4,4;7,51
Niger;NER;2009;;;
Nigeria;NGA;2009;;0,32;0,41
Nicaragua;NIC;2009;;;
Netherlands;NLD;2009;;;
Norway;NOR;2009;0,37;;
Nepal;NPL;2009;;;
Nauru;NRU;2009;;;
New Zealand;NZL;2009;;;
Oman;OMN;2009;;1,82;5,28
Pakistan;PAK;2009;;;
Panama;PAN;2009;;;
Peru;PER;2009;;;
Philippines;PHL;2009;;0,46;2,64
Palau;PLW;2009;0,22;8,27;7,55
Papua New Guinea;PNG;2009;;;
Poland;POL;2009;0,51;;
Portugal;PRT;2009;0,41;8,03;6,5
Paraguay;PRY;2009;;;
West Bank and Gaza;PSE;2009;;;
Qatar;QAT;2009;;1,91;4
Romania;ROU;2009;0,34;;
Russian Federation;RUS;2009;;4,72;4,47
Rwanda;RWA;2009;;;
Saudi Arabia;SAU;2009;;;
Sudan;SDN;2009;;;
Senegal;SEN;2009;;;
Singapore;SGP;2009;;1,31;3,1
Solomon Islands;SLB;2009;;;
Sierra Leone;SLE;2009;;;
El Salvador;SLV;2009;;4,22;4,95
San Marino;SMR;2009;;;
Somalia;SOM;2009;;;
Serbia;SRB;2009;0;5,98;4,11
Sao Tome and Principe;STP;2009;;;
Suriname;SUR;2009;;;
Slovak Republic;SVK;2009;0,18;7,4;4,48
Slovenia;SVN;2009;;;
Sweden;SWE;2009;;;
Eswatini;SWZ;2009;;;
Seychelles;SYC;2009;;;
Togo;TGO;2009;;;
Thailand;THA;2009;;;
Tajikistan;TJK;2009;;;
Timor-Leste;TLS;2009;;;
Tonga;TON;2009;;;
Trinidad and Tobago;TTO;2009;;2,79;5,99
Tunisia;TUN;2009;;;
Turkiye;TUR;2009;;6,83;3,77
Tanzania;TZA;2009;;;
Uganda;UGA;2009;;0,96;1,65
Ukraine;UKR;2009;;4,16;7,32
Uruguay;URY;2009;;;
United States;USA;2009;;8,7;6,74
Uzbekistan;UZB;2009;;;
St. Vincent and the Grenadines;VCT;2009;;;
Vietnam;VNM;2009;;;
Vanuatu;VUT;2009;;;
Samoa;WSM;2009;;;
Kosovo;XKX;2009;;;
Yemen, Rep.;YEM;2009;;;
South Africa;ZAF;2009;0,38;3,91;6,41
Zambia;ZMB;2009;0,04;;
Zimbabwe;ZWE;2009;;;
Afghanistan;AFG;2010;;2,56;5,38
Angola;AGO;2010;;1,52;2,85
Albania;ALB;2010;;;
United Arab Emirates;ARE;2010;;;
Argentina;ARG;2010;;;
Armenia;ARM;2010;;;
Australia;AUS;2010;0,41;6,42;6,15
Austria;AUT;2010;0,29;;
Azerbaijan;AZE;2010;;1,03;2,9
Burundi;BDI;2010;;;
Belgium;BEL;2010;0,41;7,76;6,04
Benin;BEN;2010;;;
Burkina Faso;BFA;2010;;;
Bangladesh;BGD;2010;;0,77;1,85
Bulgaria;BGR;2010;0,13;;
Bahrain;BHR;2010;;;
Bahamas, The;BHS;2010;;;
Bosnia and Herzegovina;BIH;2010;;;
Belarus;BLR;2010;;4,39;5,84
Belize;BLZ;2010;;;
Bolivia;BOL;2010;;;
Brazil;BRA;2010;0,03;1,86;2,05
Barbados;BRB;2010;;;
Bhutan;BTN;2010;;3,03;6,78
Botswana;BWA;2010;;;
Central African Republic;CAF;2010;;0,61;1,09
Canada;CAN;2010;0,3;8,34;4,81
Switzerland;CHE;2010;0,33;1,81;4,74
Chile;CHL;2010;;3,63;3,94
China;CHN;2010;;;
Cote d'Ivoire;CIV;2010;;;
Cameroon;CMR;2010;;;
Congo, Dem. Rep.;COD;2010;;;
Congo, Rep.;COG;2010;;1,13;1,92
Colombia;COL;2010;;;
Cabo Verde;CPV;2010;;;4,91
Costa Rica;CRI;2010;;;
Cyprus;CYP;2010;0,42;;
Czechia;CZE;2010;0,42;7,74;4,61
Germany;DEU;2010;0,31;;
Dominica;DMA;2010;;;
Denmark;DNK;2010;0,41;;
Dominican Republic;DOM;2010;;;
Algeria;DZA;2010;;;
Ecuador;ECU;2010;;;
Egypt, Arab Rep.;EGY;2010;0;1,37;3,54
Spain;ESP;2010;;;
Estonia;EST;2010;0,46;;
Ethiopia;ETH;2010;;;
Finland;FIN;2010;;;
Fiji;FJI;2010;;;
France;FRA;2010;0,59;;
Micronesia, Fed. Sts.;FSM;2010;0;7,64;10,89
United Kingdom;GBR;2010;0,37;7,6;6,24
Georgia;GEO;2010;;;
Ghana;GHA;2010;;;
Guinea;GIN;2010;;;
Gambia, The;GMB;2010;;;
Guinea-Bissau;GNB;2010;;;
Equatorial Guinea;GNQ;2010;;;
Greece;GRC;2010;0,18;;
Grenada;GRD;2010;;;
Guatemala;GTM;2010;;;
Hong Kong SAR, China;HKG;2010;0;2,41;3,52
Honduras;HND;2010;;;
Croatia;HRV;2010;0,51;;
Hungary;HUN;2010;0,35;;
Indonesia;IDN;2010;;;
India;IND;2010;0;0,71;3,27
Ireland;IRL;2010;;;
Iran, Islamic Rep.;IRN;2010;;;
Iraq;IRQ;2010;;;
Iceland;ISL;2010;1,63;7,37;7,18
Israel;ISR;2010;;4,9;6,55
Italy;ITA;2010;0,22;7,39;4,35
Jamaica;JAM;2010;;;
Jordan;JOR;2010;;3,23;3,32
Japan;JPN;2010;0,1;;
Kazakhstan;KAZ;2010;;;
Kenya;KEN;2010;;;
Kyrgyz Republic;KGZ;2010;;;
Cambodia;KHM;2010;;;
Kiribati;KIR;2010;;;
St. Kitts and Nevis;KNA;2010;;;
Korea, Rep.;KOR;2010;;;
Kuwait;KWT;2010;;;
Lao PDR;LAO;2010;;;
Lebanon;LBN;2010;;;
Liberia;LBR;2010;;;
Sri Lanka;LKA;2010;;1,11;1,57
Lesotho;LSO;2010;;;
Lithuania;LTU;2010;0,18;5,38;5,91
Luxembourg;LUX;2010;0,4;;
Latvia;LVA;2010;0,21;;
Macao SAR, China;MAC;2010;;;
Morocco;MAR;2010;;;
Moldova;MDA;2010;;;
Madagascar;MDG;2010;;;
Maldives;MDV;2010;;;
Mexico;MEX;2010;;;
Marshall Islands;MHL;2010;0;8,18;20,59
North Macedonia;MKD;2010;;;
Mali;MLI;2010;;;
Malta;MLT;2010;;;
Myanmar;MMR;2010;;;
Mongolia;MNG;2010;;;
Mozambique;MOZ;2010;;2,15;5,44
Mauritius;MUS;2010;;2,64;3,74
Malawi;MWI;2010;;;
Malaysia;MYS;2010;;;
Namibia;NAM;2010;0,43;3,99;8,14
Niger;NER;2010;;;
Nigeria;NGA;2010;;0,24;0,47
Nicaragua;NIC;2010;;;
Netherlands;NLD;2010;;;
Norway;NOR;2010;0,34;;
Nepal;NPL;2010;;;
Nauru;NRU;2010;;;
New Zealand;NZL;2010;;;
Oman;OMN;2010;;1,79;4,8
Pakistan;PAK;2010;;;
Panama;PAN;2010;;;
Peru;PER;2010;;;
Philippines;PHL;2010;;0,43;2,55
Palau;PLW;2010;0,25;9,31;7,76
Papua New Guinea;PNG;2010;;;
Poland;POL;2010;0,63;;
Portugal;PRT;2010;0,39;7,48;6,73
Paraguay;PRY;2010;;;
West Bank and Gaza;PSE;2010;;0,97;1,49
Qatar;QAT;2010;;1,55;3,48
Romania;ROU;2010;0,35;;
Russian Federation;RUS;2010;;4,19;3,85
Rwanda;RWA;2010;;;
Saudi Arabia;SAU;2010;;;
Sudan;SDN;2010;;;
Senegal;SEN;2010;;;
Singapore;SGP;2010;;1,16;3,01
Solomon Islands;SLB;2010;;;
Sierra Leone;SLE;2010;;;
El Salvador;SLV;2010;;3,58;4,08
San Marino;SMR;2010;;;
Somalia;SOM;2010;;;
Serbia;SRB;2010;0;5,77;3,9
Sao Tome and Principe;STP;2010;;;
Suriname;SUR;2010;;;
Slovak Republic;SVK;2010;0,23;7,35;4,54
Slovenia;SVN;2010;;;
Sweden;SWE;2010;;;
Eswatini;SWZ;2010;;;
Seychelles;SYC;2010;;;
Togo;TGO;2010;;;
Thailand;THA;2010;;;
Tajikistan;TJK;2010;;;
Timor-Leste;TLS;2010;;;
Tonga;TON;2010;;;
Trinidad and Tobago;TTO;2010;;2,61;4,98
Tunisia;TUN;2010;;;
Turkiye;TUR;2010;;6,35;3,79
Tanzania;TZA;2010;;;
Uganda;UGA;2010;;1,09;1,73
Ukraine;UKR;2010;;4,27;7,4
Uruguay;URY;2010;;;
United States;USA;2010;;8,82;6,69
Uzbekistan;UZB;2010;;;
St. Vincent and the Grenadines;VCT;2010;;;
Vietnam;VNM;2010;;;
Vanuatu;VUT;2010;;;
Samoa;WSM;2010;;;
Kosovo;XKX;2010;;;
Yemen, Rep.;YEM;2010;;;
South Africa;ZAF;2010;0,33;3,99;6,08
Zambia;ZMB;2010;0,02;;
Zimbabwe;ZWE;2010;;;
Afghanistan;AFG;2011;;3,73;4,95
Angola;AGO;2011;;1,68;3,03
Albania;ALB;2011;;;
United Arab Emirates;ARE;2011;;;
Argentina;ARG;2011;;;
Armenia;ARM;2011;;;
Australia;AUS;2011;0,4;6,46;6,01
Austria;AUT;2011;0,27;;
Azerbaijan;AZE;2011;;0,97;2,55
Burundi;BDI;2011;;;
Belgium;BEL;2011;0,41;7,74;6,21
Benin;BEN;2011;;;
Burkina Faso;BFA;2011;;;
Bangladesh;BGD;2011;0,04;0,74;1,94
Bulgaria;BGR;2011;0,13;;
Bahrain;BHR;2011;;;
Bahamas, The;BHS;2011;;;
Bosnia and Herzegovina;BIH;2011;;;
Belarus;BLR;2011;;3,87;5,17
Belize;BLZ;2011;;;
Bolivia;BOL;2011;;;
Brazil;BRA;2011;0,03;1,86;2,13
Barbados;BRB;2011;;;
Bhutan;BTN;2011;;2,99;8,11
Botswana;BWA;2011;;;
Central African Republic;CAF;2011;;;
Canada;CAN;2011;0,3;8,22;4,72
Switzerland;CHE;2011;0,34;1,88;4,79
Chile;CHL;2011;;3,59;3,82
China;CHN;2011;;;
Cote d'Ivoire;CIV;2011;;;
Cameroon;CMR;2011;;;
Congo, Dem. Rep.;COD;2011;;;
Congo, Rep.;COG;2011;;1,38;2,03
Colombia;COL;2011;;;
Cabo Verde;CPV;2011;0,24;;5,47
Costa Rica;CRI;2011;;;
Cyprus;CYP;2011;0,42;;
Czechia;CZE;2011;0,38;7,65;4,59
Germany;DEU;2011;0,28;;
Dominica;DMA;2011;;;
Denmark;DNK;2011;0,4;;
Dominican Republic;DOM;2011;;;
Algeria;DZA;2011;;;
Ecuador;ECU;2011;;;
Egypt, Arab Rep.;EGY;2011;0;1,41;3,34
Spain;ESP;2011;;;
Estonia;EST;2011;0,35;;
Ethiopia;ETH;2011;;;
Finland;FIN;2011;;;
Fiji;FJI;2011;;;
France;FRA;2011;0,58;;
Micronesia, Fed. Sts.;FSM;2011;0;7,57;10,77
United Kingdom;GBR;2011;0,35;7,43;5,79
Georgia;GEO;2011;;;
Ghana;GHA;2011;;;
Guinea;GIN;2011;;;
Gambia, The;GMB;2011;;;
Guinea-Bissau;GNB;2011;;;
Equatorial Guinea;GNQ;2011;;;
Greece;GRC;2011;0,18;;
Grenada;GRD;2011;;;
Guatemala;GTM;2011;;;
Hong Kong SAR, China;HKG;2011;0;2,51;3,5
Honduras;HND;2011;;;
Croatia;HRV;2011;0,5;;
Hungary;HUN;2011;0,33;;
Indonesia;IDN;2011;;;
India;IND;2011;0;0,72;3,37
Ireland;IRL;2011;;;
Iran, Islamic Rep.;IRN;2011;;;
Iraq;IRQ;2011;;;
Iceland;ISL;2011;1,38;7,14;7,13
Israel;ISR;2011;;4,85;6,49
Italy;ITA;2011;0,23;7,11;4,06
Jamaica;JAM;2011;;;
Jordan;JOR;2011;;3,23;3,65
Japan;JPN;2011;0,1;;
Kazakhstan;KAZ;2011;;;
Kenya;KEN;2011;;;
Kyrgyz Republic;KGZ;2011;;;
Cambodia;KHM;2011;;;
Kiribati;KIR;2011;;9,55;13,04
St. Kitts and Nevis;KNA;2011;;;
Korea, Rep.;KOR;2011;;;
Kuwait;KWT;2011;;;
Lao PDR;LAO;2011;;;
Lebanon;LBN;2011;;;
Liberia;LBR;2011;;2,2;2,24
Sri Lanka;LKA;2011;;1,19;1,62
Lesotho;LSO;2011;;;
Lithuania;LTU;2011;0,26;5,18;5,58
Luxembourg;LUX;2011;0,37;;
Latvia;LVA;2011;0,5;;
Macao SAR, China;MAC;2011;;;
Morocco;MAR;2011;;;
Moldova;MDA;2011;;;
Madagascar;MDG;2011;;;
Maldives;MDV;2011;;;
Mexico;MEX;2011;;;
Marshall Islands;MHL;2011;0;6,87;19,71
North Macedonia;MKD;2011;;;
Mali;MLI;2011;;;
Malta;MLT;2011;;;
Myanmar;MMR;2011;;;
Mongolia;MNG;2011;;;
Mozambique;MOZ;2011;;2,25;5,72
Mauritius;MUS;2011;;2,33;3,58
Malawi;MWI;2011;;;
Malaysia;MYS;2011;;;
Namibia;NAM;2011;0,38;4,93;9,08
Niger;NER;2011;;;
Nigeria;NGA;2011;;0,43;0,58
Nicaragua;NIC;2011;;;
Netherlands;NLD;2011;;;
Norway;NOR;2011;0,32;;
Nepal;NPL;2011;;;
Nauru;NRU;2011;;;
New Zealand;NZL;2011;;;
Oman;OMN;2011;;1,61;4,46
Pakistan;PAK;2011;;;
Panama;PAN;2011;;;
Peru;PER;2011;;;
Philippines;PHL;2011;;0,4;2,5
Palau;PLW;2011;0,15;8,36;7,53
Papua New Guinea;PNG;2011;;;
Poland;POL;2011;0,57;;
Portugal;PRT;2011;0,38;6,96;6,13
Paraguay;PRY;2011;;;
West Bank and Gaza;PSE;2011;;;
Qatar;QAT;2011;;;
Romania;ROU;2011;0,35;;
Russian Federation;RUS;2011;;3,68;3,77
Rwanda;RWA;2011;;;
Saudi Arabia;SAU;2011;;;
Sudan;SDN;2011;;;
Senegal;SEN;2011;;;
Singapore;SGP;2011;;1,14;3,05
Solomon Islands;SLB;2011;0,07;2,99;6,75
Sierra Leone;SLE;2011;;;
El Salvador;SLV;2011;;4,32;3,61
San Marino;SMR;2011;;;
Somalia;SOM;2011;;;
Serbia;SRB;2011;0;5,56;3,75
Sao Tome and Principe;STP;2011;;;
Suriname;SUR;2011;;;
Slovak Republic;SVK;2011;0,18;6,98;4,29
Slovenia;SVN;2011;;;
Sweden;SWE;2011;;;
Eswatini;SWZ;2011;;;
Seychelles;SYC;2011;;;
Togo;TGO;2011;;;
Thailand;THA;2011;;;
Tajikistan;TJK;2011;;;
Timor-Leste;TLS;2011;;;
Tonga;TON;2011;;;
Trinidad and Tobago;TTO;2011;;2,16;3,8
Tunisia;TUN;2011;;;
Turkiye;TUR;2011;;5,59;3,74
Tanzania;TZA;2011;;;
Uganda;UGA;2011;;0,96;1,67
Ukraine;UKR;2011;;3,83;6,64
Uruguay;URY;2011;;;
United States;USA;2011;;8,79;6,5
Uzbekistan;UZB;2011;0;2,32;5,82
St. Vincent and the Grenadines;VCT;2011;;;
Vietnam;VNM;2011;;;
Vanuatu;VUT;2011;;;
Samoa;WSM;2011;;;
Kosovo;XKX;2011;;;
Yemen, Rep.;YEM;2011;;;
South Africa;ZAF;2011;0,37;4,13;6,9
Zambia;ZMB;2011;0,04;;
Zimbabwe;ZWE;2011;;;
Afghanistan;AFG;2012;;2,19;4,37
Angola;AGO;2012;;1,74;2,96
Albania;ALB;2012;;;
United Arab Emirates;ARE;2012;;;
Argentina;ARG;2012;;;
Armenia;ARM;2012;;;
Australia;AUS;2012;0,38;6,85;5,56
Austria;AUT;2012;0,28;;
Azerbaijan;AZE;2012;;1,14;2,77
Burundi;BDI;2012;;;
Belgium;BEL;2012;0,46;7,94;6,26
Benin;BEN;2012;;;
Burkina Faso;BFA;2012;;;
Bangladesh;BGD;2012;0,01;0,7;1,87
Bulgaria;BGR;2012;0,17;;
Bahrain;BHR;2012;;;
Bahamas, The;BHS;2012;;;
Bosnia and Herzegovina;BIH;2012;;;
Belarus;BLR;2012;;4,02;5,22
Belize;BLZ;2012;;;
Bolivia;BOL;2012;;;
Brazil;BRA;2012;0,02;1,91;2,2
Barbados;BRB;2012;;;
Bhutan;BTN;2012;;3,32;7,96
Botswana;BWA;2012;;;
Central African Republic;CAF;2012;;;
Canada;CAN;2012;0,33;8,16;4,69
Switzerland;CHE;2012;0,32;2,01;4,83
Chile;CHL;2012;;3,75;4,05
China;CHN;2012;;;
Cote d'Ivoire;CIV;2012;;;
Cameroon;CMR;2012;;;
Congo, Dem. Rep.;COD;2012;;;
Congo, Rep.;COG;2012;;1,57;2,12
Colombia;COL;2012;;;
Cabo Verde;CPV;2012;1,02;;5,93
Costa Rica;CRI;2012;;;
Cyprus;CYP;2012;0,37;;
Czechia;CZE;2012;0,37;7,7;4,54
Germany;DEU;2012;0,26;;
Dominica;DMA;2012;;;
Denmark;DNK;2012;0,4;;
Dominican Republic;DOM;2012;;;
Algeria;DZA;2012;;;
Ecuador;ECU;2012;;;
Egypt, Arab Rep.;EGY;2012;;;
Spain;ESP;2012;0,37;6,15;4,17
Estonia;EST;2012;0,35;;
Ethiopia;ETH;2012;;;
Finland;FIN;2012;;;
Fiji;FJI;2012;;;
France;FRA;2012;0,59;;
Micronesia, Fed. Sts.;FSM;2012;0;6,92;9,84
United Kingdom;GBR;2012;0,32;7,31;5,56
Georgia;GEO;2012;;;
Ghana;GHA;2012;;;
Guinea;GIN;2012;;;
Gambia, The;GMB;2012;;;
Guinea-Bissau;GNB;2012;;;
Equatorial Guinea;GNQ;2012;;;
Greece;GRC;2012;0,21;;
Grenada;GRD;2012;;;
Guatemala;GTM;2012;;;
Hong Kong SAR, China;HKG;2012;0,53;3,11;3,55
Honduras;HND;2012;;;
Croatia;HRV;2012;0,49;;
Hungary;HUN;2012;0,35;;
Indonesia;IDN;2012;;;
India;IND;2012;;;
Ireland;IRL;2012;;;
Iran, Islamic Rep.;IRN;2012;;;
Iraq;IRQ;2012;;;
Iceland;ISL;2012;1,34;7,23;6,97
Israel;ISR;2012;;4,92;6,76
Italy;ITA;2012;0,21;7,11;4,06
Jamaica;JAM;2012;;;
Jordan;JOR;2012;;2,98;3,71
Japan;JPN;2012;0,1;;
Kazakhstan;KAZ;2012;;;
Kenya;KEN;2012;;;
Kyrgyz Republic;KGZ;2012;;;
Cambodia;KHM;2012;;;
Kiribati;KIR;2012;;9,09;13,43
St. Kitts and Nevis;KNA;2012;;;
Korea, Rep.;KOR;2012;;;
Kuwait;KWT;2012;;;
Lao PDR;LAO;2012;;;
Lebanon;LBN;2012;;;
Liberia;LBR;2012;;2,83;4,04
Sri Lanka;LKA;2012;;1,1;1,52
Lesotho;LSO;2012;;;
Lithuania;LTU;2012;0,15;4,67;5,42
Luxembourg;LUX;2012;0,42;;
Latvia;LVA;2012;0,17;;
Macao SAR, China;MAC;2012;;;
Morocco;MAR;2012;;;
Moldova;MDA;2012;;;
Madagascar;MDG;2012;;;
Maldives;MDV;2012;;;
Mexico;MEX;2012;;;
Marshall Islands;MHL;2012;0;6,67;15,59
North Macedonia;MKD;2012;;;
Mali;MLI;2012;;;
Malta;MLT;2012;;;
Myanmar;MMR;2012;;;
Mongolia;MNG;2012;;;
Mozambique;MOZ;2012;;;
Mauritius;MUS;2012;;2,31;3,6
Malawi;MWI;2012;;;
Malaysia;MYS;2012;;;
Namibia;NAM;2012;0,37;4,73;8,24
Niger;NER;2012;;;
Nigeria;NGA;2012;;0,33;0,55
Nicaragua;NIC;2012;;;
Netherlands;NLD;2012;;;
Norway;NOR;2012;0,3;;
Nepal;NPL;2012;;;
Nauru;NRU;2012;;;
New Zealand;NZL;2012;;;
Oman;OMN;2012;;1,64;4,8
Pakistan;PAK;2012;;;
Panama;PAN;2012;;;
Peru;PER;2012;;;
Philippines;PHL;2012;;0,47;2,52
Palau;PLW;2012;0,26;8,34;7,65
Papua New Guinea;PNG;2012;;;
Poland;POL;2012;0,48;;
Portugal;PRT;2012;0,34;;5,38
Paraguay;PRY;2012;;;
West Bank and Gaza;PSE;2012;;;
Qatar;QAT;2012;;;
Romania;ROU;2012;0,34;;
Russian Federation;RUS;2012;;3,2;3,63
Rwanda;RWA;2012;;;
Saudi Arabia;SAU;2012;;;
Sudan;SDN;2012;;;
Senegal;SEN;2012;;;
Singapore;SGP;2012;;1,28;2,77
Solomon Islands;SLB;2012;0,06;4,34;6,38
Sierra Leone;SLE;2012;;;
El Salvador;SLV;2012;;3,26;4,01
San Marino;SMR;2012;;;
Somalia;SOM;2012;;;
Serbia;SRB;2012;0;5,65;3,85
Sao Tome and Principe;STP;2012;;;
Suriname;SUR;2012;;;
Slovak Republic;SVK;2012;0,16;6,96;4,03
Slovenia;SVN;2012;;;
Sweden;SWE;2012;;;
Eswatini;SWZ;2012;;;
Seychelles;SYC;2012;;;
Togo;TGO;2012;;;
Thailand;THA;2012;;;
Tajikistan;TJK;2012;;;
Timor-Leste;TLS;2012;;4,59;9,39
Tonga;TON;2012;;;
Trinidad and Tobago;TTO;2012;;2,36;5
Tunisia;TUN;2012;;;
Turkiye;TUR;2012;;5,17;3,92
Tanzania;TZA;2012;;;
Uganda;UGA;2012;;0,93;1,59
Ukraine;UKR;2012;;4,26;7,23
Uruguay;URY;2012;;;
United States;USA;2012;;8,63;6,25
Uzbekistan;UZB;2012;0;2,19;6,03
St. Vincent and the Grenadines;VCT;2012;;;
Vietnam;VNM;2012;;;
Vanuatu;VUT;2012;;;
Samoa;WSM;2012;;6,42;5,16
Kosovo;XKX;2012;;;
Yemen, Rep.;YEM;2012;;;
South Africa;ZAF;2012;0,51;4,27;7,02
Zambia;ZMB;2012;0;;
Zimbabwe;ZWE;2012;;;
Afghanistan;AFG;2013;;1,82;4,74
Angola;AGO;2013;;2,41;3,76
Albania;ALB;2013;;;
United Arab Emirates;ARE;2013;;;
Argentina;ARG;2013;;;
Armenia;ARM;2013;0,06;1,43;2,78
Australia;AUS;2013;0,37;6,7;5,52
Austria;AUT;2013;0,27;;
Azerbaijan;AZE;2013;;1,09;2,57
Burundi;BDI;2013;0,05;;
Belgium;BEL;2013;0,42;8,01;6,37
Benin;BEN;2013;;;
Burkina Faso;BFA;2013;;;
Bangladesh;BGD;2013;0,01;0,68;1,68
Bulgaria;BGR;2013;0,13;;
Bahrain;BHR;2013;;;
Bahamas, The;BHS;2013;;;
Bosnia and Herzegovina;BIH;2013;;;
Belarus;BLR;2013;;4,14;5,31
Belize;BLZ;2013;;;
Bolivia;BOL;2013;;;
Brazil;BRA;2013;0,02;1,89;2,15
Barbados;BRB;2013;;;
Bhutan;BTN;2013;;2,98;7,5
Botswana;BWA;2013;;;
Central African Republic;CAF;2013;;;
Canada;CAN;2013;0,32;8,11;4,65
Switzerland;CHE;2013;0,32;2,07;4,86
Chile;CHL;2013;0,1;3,8;4,26
China;CHN;2013;;;
Cote d'Ivoire;CIV;2013;;;
Cameroon;CMR;2013;;;
Congo, Dem. Rep.;COD;2013;;;
Congo, Rep.;COG;2013;;;
Colombia;COL;2013;;;
Cabo Verde;CPV;2013;0,91;;5,83
Costa Rica;CRI;2013;;;
Cyprus;CYP;2013;0,32;;
Czechia;CZE;2013;0,37;7,58;4,52
Germany;DEU;2013;0,26;;
Dominica;DMA;2013;;;
Denmark;DNK;2013;0,4;;
Dominican Republic;DOM;2013;;;
Algeria;DZA;2013;;;
Ecuador;ECU;2013;;;
Egypt, Arab Rep.;EGY;2013;;;
Spain;ESP;2013;0,37;6,08;4,1
Estonia;EST;2013;0,46;;
Ethiopia;ETH;2013;;;
Finland;FIN;2013;;;
Fiji;FJI;2013;;;
France;FRA;2013;0,6;;
Micronesia, Fed. Sts.;FSM;2013;0;7,39;10,2
United Kingdom;GBR;2013;0,24;7,29;5,27
Georgia;GEO;2013;;;
Ghana;GHA;2013;;;
Guinea;GIN;2013;;;
Gambia, The;GMB;2013;;;
Guinea-Bissau;GNB;2013;;;
Equatorial Guinea;GNQ;2013;;;
Greece;GRC;2013;0,23;;
Grenada;GRD;2013;;;
Guatemala;GTM;2013;;;
Hong Kong SAR, China;HKG;2013;0,48;3,34;3,38
Honduras;HND;2013;;;
Croatia;HRV;2013;0,48;;
Hungary;HUN;2013;0,37;;
Indonesia;IDN;2013;;;
India;IND;2013;;0,71;3,2
Ireland;IRL;2013;;;
Iran, Islamic Rep.;IRN;2013;;;
Iraq;IRQ;2013;;;
Iceland;ISL;2013;1,46;7,25;7,14
Israel;ISR;2013;0,45;4,97;6,87
Italy;ITA;2013;0,26;7,12;4,09
Jamaica;JAM;2013;;;
Jordan;JOR;2013;;2,92;3,86
Japan;JPN;2013;0,11;;
Kazakhstan;KAZ;2013;;;
Kenya;KEN;2013;;;
Kyrgyz Republic;KGZ;2013;;;
Cambodia;KHM;2013;;;
Kiribati;KIR;2013;;9,19;12,06
St. Kitts and Nevis;KNA;2013;;;
Korea, Rep.;KOR;2013;;;
Kuwait;KWT;2013;;;
Lao PDR;LAO;2013;;;
Lebanon;LBN;2013;;;
Liberia;LBR;2013;;2,76;3,58
Sri Lanka;LKA;2013;;1,2;1,53
Lesotho;LSO;2013;;;
Lithuania;LTU;2013;0,14;4,52;5,24
Luxembourg;LUX;2013;0,49;;
Latvia;LVA;2013;0,17;;
Macao SAR, China;MAC;2013;;;
Morocco;MAR;2013;;;
Moldova;MDA;2013;;;
Madagascar;MDG;2013;;;
Maldives;MDV;2013;;;
Mexico;MEX;2013;;;
Marshall Islands;MHL;2013;0;6,65;15,99
North Macedonia;MKD;2013;;;
Mali;MLI;2013;;;
Malta;MLT;2013;;;
Myanmar;MMR;2013;;;
Mongolia;MNG;2013;;;
Mozambique;MOZ;2013;;;
Mauritius;MUS;2013;;2,43;3,82
Malawi;MWI;2013;;;
Malaysia;MYS;2013;;;
Namibia;NAM;2013;0,45;5,97;9,27
Niger;NER;2013;;;
Nigeria;NGA;2013;;0,26;0,53
Nicaragua;NIC;2013;;;
Netherlands;NLD;2013;;;
Norway;NOR;2013;0,3;;
Nepal;NPL;2013;;;
Nauru;NRU;2013;;;
New Zealand;NZL;2013;;;
Oman;OMN;2013;;1,93;5
Pakistan;PAK;2013;;;
Panama;PAN;2013;;;
Peru;PER;2013;;;
Philippines;PHL;2013;;0,48;2,73
Palau;PLW;2013;0,18;8,24;6,89
Papua New Guinea;PNG;2013;;;
Poland;POL;2013;0,41;;
Portugal;PRT;2013;0,37;6,49;5,47
Paraguay;PRY;2013;;;
West Bank and Gaza;PSE;2013;;;
Qatar;QAT;2013;;;
Romania;ROU;2013;0,25;;
Russian Federation;RUS;2013;;3,13;3,87
Rwanda;RWA;2013;;;
Saudi Arabia;SAU;2013;;;
Sudan;SDN;2013;;;
Senegal;SEN;2013;;;
Singapore;SGP;2013;;1,51;3,02
Solomon Islands;SLB;2013;0,08;5,34;12,98
Sierra Leone;SLE;2013;;;
El Salvador;SLV;2013;;3,25;3,86
San Marino;SMR;2013;;;
Somalia;SOM;2013;;;
Serbia;SRB;2013;;;
Sao Tome and Principe;STP;2013;;;
Suriname;SUR;2013;;;
Slovak Republic;SVK;2013;0,12;7;4,14
Slovenia;SVN;2013;;;
Sweden;SWE;2013;;;
Eswatini;SWZ;2013;;;
Seychelles;SYC;2013;;;
Togo;TGO;2013;;;
Thailand;THA;2013;0,05;1,06;3,68
Tajikistan;TJK;2013;;;
Timor-Leste;TLS;2013;;;
Tonga;TON;2013;;;
Trinidad and Tobago;TTO;2013;;2,46;5,27
Tunisia;TUN;2013;;;
Turkiye;TUR;2013;;5,21;3,52
Tanzania;TZA;2013;;;
Uganda;UGA;2013;;1,29;1,74
Ukraine;UKR;2013;;4,34;7,2
Uruguay;URY;2013;;;
United States;USA;2013;;8,61;6,23
Uzbekistan;UZB;2013;0;2,44;6
St. Vincent and the Grenadines;VCT;2013;;;
Vietnam;VNM;2013;;;
Vanuatu;VUT;2013;;;
Samoa;WSM;2013;;6,41;4,67
Kosovo;XKX;2013;;;
Yemen, Rep.;YEM;2013;;;
South Africa;ZAF;2013;0,57;4,4;7,05
Zambia;ZMB;2013;0,06;;
Zimbabwe;ZWE;2013;;;
Afghanistan;AFG;2014;;2,1;4,72
Angola;AGO;2014;0,15;1,93;2,83
Albania;ALB;2014;;;
United Arab Emirates;ARE;2014;;;
Argentina;ARG;2014;0;;
Armenia;ARM;2014;;;
Australia;AUS;2014;0,38;6,71;5,44
Austria;AUT;2014;0,28;;
Azerbaijan;AZE;2014;;1,16;2,74
Burundi;BDI;2014;;;
Belgium;BEL;2014;0,37;8,03;6,31
Benin;BEN;2014;;;
Burkina Faso;BFA;2014;;;
Bangladesh;BGD;2014;0,01;0,69;1,93
Bulgaria;BGR;2014;0,67;;
Bahrain;BHR;2014;;;
Bahamas, The;BHS;2014;;;
Bosnia and Herzegovina;BIH;2014;;;
Belarus;BLR;2014;0,67;4,29;5,32
Belize;BLZ;2014;;;
Bolivia;BOL;2014;;;
Brazil;BRA;2014;0,04;1,96;2,26
Barbados;BRB;2014;;;
Bhutan;BTN;2014;;2,71;5,54
Botswana;BWA;2014;;;
Central African Republic;CAF;2014;;;
Canada;CAN;2014;0,31;7,99;4,54
Switzerland;CHE;2014;0,32;2,06;4,85
Chile;CHL;2014;0,09;4,04;4,32
China;CHN;2014;;;
Cote d'Ivoire;CIV;2014;;0,95;3,52
Cameroon;CMR;2014;;;
Congo, Dem. Rep.;COD;2014;;;
Congo, Rep.;COG;2014;;;
Colombia;COL;2014;;;
Cabo Verde;CPV;2014;0,12;;5,29
Costa Rica;CRI;2014;;;
Cyprus;CYP;2014;0,31;;
Czechia;CZE;2014;0,4;7,55;4,53
Germany;DEU;2014;0,25;;
Dominica;DMA;2014;;;
Denmark;DNK;2014;0,38;;
Dominican Republic;DOM;2014;;;
Algeria;DZA;2014;;;
Ecuador;ECU;2014;;;
Egypt, Arab Rep.;EGY;2014;;;
Spain;ESP;2014;0,37;6,03;4,1
Estonia;EST;2014;0,42;;
Ethiopia;ETH;2014;;;
Finland;FIN;2014;;;
Fiji;FJI;2014;;;
France;FRA;2014;0,58;;
Micronesia, Fed. Sts.;FSM;2014;0;7,77;10,86
United Kingdom;GBR;2014;0,21;7,41;5,29
Georgia;GEO;2014;;;
Ghana;GHA;2014;;;
Guinea;GIN;2014;;;
Gambia, The;GMB;2014;;;
Guinea-Bissau;GNB;2014;;;
Equatorial Guinea;GNQ;2014;;;
Greece;GRC;2014;0,33;;
Grenada;GRD;2014;;;
Guatemala;GTM;2014;0,15;2,2;3,03
Hong Kong SAR, China;HKG;2014;0;2,82;3,38
Honduras;HND;2014;;;
Croatia;HRV;2014;0,51;;
Hungary;HUN;2014;0,46;;
Indonesia;IDN;2014;;;
India;IND;2014;;0,81;3,43
Ireland;IRL;2014;;;
Iran, Islamic Rep.;IRN;2014;;;
Iraq;IRQ;2014;;;
Iceland;ISL;2014;1,41;7,33;6,95
Israel;ISR;2014;0,43;5,04;6,84
Italy;ITA;2014;0,26;7,12;4,04
Jamaica;JAM;2014;;;
Jordan;JOR;2014;;3,33;3,85
Japan;JPN;2014;0,12;;
Kazakhstan;KAZ;2014;;;
Kenya;KEN;2014;;;
Kyrgyz Republic;KGZ;2014;;;
Cambodia;KHM;2014;;;
Kiribati;KIR;2014;0;10,36;11,35
St. Kitts and Nevis;KNA;2014;;;
Korea, Rep.;KOR;2014;;;
Kuwait;KWT;2014;;;
Lao PDR;LAO;2014;;;
Lebanon;LBN;2014;;;
Liberia;LBR;2014;;;
Sri Lanka;LKA;2014;;1,28;1,76
Lesotho;LSO;2014;;;
Lithuania;LTU;2014;0,16;4,43;5,03
Luxembourg;LUX;2014;0,46;;
Latvia;LVA;2014;0,26;;
Macao SAR, China;MAC;2014;;;
Morocco;MAR;2014;;;
Moldova;MDA;2014;;;
Madagascar;MDG;2014;;;
Maldives;MDV;2014;;;
Mexico;MEX;2014;;;
Marshall Islands;MHL;2014;0;7,14;15,67
North Macedonia;MKD;2014;;;
Mali;MLI;2014;;;
Malta;MLT;2014;;;
Myanmar;MMR;2014;;;
Mongolia;MNG;2014;;;
Mozambique;MOZ;2014;;;
Mauritius;MUS;2014;;2,51;3,96
Malawi;MWI;2014;;;
Malaysia;MYS;2014;;;
Namibia;NAM;2014;0,37;4,82;9,49
Niger;NER;2014;;;
Nigeria;NGA;2014;;;
Nicaragua;NIC;2014;;;
Netherlands;NLD;2014;;;
Norway;NOR;2014;0,33;;
Nepal;NPL;2014;;;
Nauru;NRU;2014;0,24;10,68;10,28
New Zealand;NZL;2014;;;
Oman;OMN;2014;;;
Pakistan;PAK;2014;;;
Panama;PAN;2014;0,1;1,93;3,02
Peru;PER;2014;;;
Philippines;PHL;2014;;0,69;2,89
Palau;PLW;2014;0,31;7,83;6,55
Papua New Guinea;PNG;2014;;;
Poland;POL;2014;0,43;;
Portugal;PRT;2014;0,29;6,29;5,31
Paraguay;PRY;2014;;;
West Bank and Gaza;PSE;2014;;;
Qatar;QAT;2014;;;
Romania;ROU;2014;0,31;;
Russian Federation;RUS;2014;0,23;4,06;3,7
Rwanda;RWA;2014;;;
Saudi Arabia;SAU;2014;;;
Sudan;SDN;2014;;;
Senegal;SEN;2014;;;
Singapore;SGP;2014;;1,77;2,92
Solomon Islands;SLB;2014;0,02;5,36;11,93
Sierra Leone;SLE;2014;;;
El Salvador;SLV;2014;0,06;2,35;3,96
San Marino;SMR;2014;;;
Somalia;SOM;2014;;;
Serbia;SRB;2014;;;
Sao Tome and Principe;STP;2014;;;
Suriname;SUR;2014;;;
Slovak Republic;SVK;2014;0,14;7,15;4,05
Slovenia;SVN;2014;;;
Sweden;SWE;2014;;;
Eswatini;SWZ;2014;;;
Seychelles;SYC;2014;;;
Togo;TGO;2014;;;
Thailand;THA;2014;0,04;1,06;3,72
Tajikistan;TJK;2014;;;
Timor-Leste;TLS;2014;;;
Tonga;TON;2014;;;
Trinidad and Tobago;TTO;2014;;2,61;5,23
Tunisia;TUN;2014;;;
Turkiye;TUR;2014;0,2;5,09;3,73
Tanzania;TZA;2014;;;
Uganda;UGA;2014;0,01;0,92;1,81
Ukraine;UKR;2014;0,28;3,69;6,31
Uruguay;URY;2014;;;
United States;USA;2014;;8,89;6,13
Uzbekistan;UZB;2014;0;2,45;5,94
St. Vincent and the Grenadines;VCT;2014;;;
Vietnam;VNM;2014;;;
Vanuatu;VUT;2014;;;
Samoa;WSM;2014;;;
Kosovo;XKX;2014;;;
Yemen, Rep.;YEM;2014;;;
South Africa;ZAF;2014;0,34;4,45;7,05
Zambia;ZMB;2014;0,03;;
Zimbabwe;ZWE;2014;;;
Afghanistan;AFG;2015;;1,51;4,03
Angola;AGO;2015;0,04;1,38;3,01
Albania;ALB;2015;;;
United Arab Emirates;ARE;2015;;;
Argentina;ARG;2015;0;;
Armenia;ARM;2015;;;
Australia;AUS;2015;0,39;6,81;5,46
Austria;AUT;2015;0,29;;
Azerbaijan;AZE;2015;0,07;1,34;3,07
Burundi;BDI;2015;;;
Belgium;BEL;2015;0,37;7,83;6,31
Benin;BEN;2015;;;
Burkina Faso;BFA;2015;;;
Bangladesh;BGD;2015;0,01;0,66;1,82
Bulgaria;BGR;2015;0,4;;
Bahrain;BHR;2015;;;
Bahamas, The;BHS;2015;;;
Bosnia and Herzegovina;BIH;2015;;;
Belarus;BLR;2015;0,44;4,31;5,17
Belize;BLZ;2015;;;
Bolivia;BOL;2015;;;
Brazil;BRA;2015;0,04;2,03;2,36
Barbados;BRB;2015;;3,37;5,4
Bhutan;BTN;2015;;2,82;6,26
Botswana;BWA;2015;;;
Central African Republic;CAF;2015;;;
Canada;CAN;2015;0,33;8,29;4,61
Switzerland;CHE;2015;0,33;2,09;4,94
Chile;CHL;2015;0,09;4,38;4,66
China;CHN;2015;;;
Cote d'Ivoire;CIV;2015;;;
Cameroon;CMR;2015;;;
Congo, Dem. Rep.;COD;2015;;;
Congo, Rep.;COG;2015;;;
Colombia;COL;2015;;;
Cabo Verde;CPV;2015;0,1;;5,64
Costa Rica;CRI;2015;;;
Cyprus;CYP;2015;0,32;;
Czechia;CZE;2015;0,38;7,53;4,4
Germany;DEU;2015;0,25;;
Dominica;DMA;2015;;;
Denmark;DNK;2015;0,4;;
Dominican Republic;DOM;2015;;;
Algeria;DZA;2015;;;
Ecuador;ECU;2015;;;
Egypt, Arab Rep.;EGY;2015;;;
Spain;ESP;2015;0,39;6,06;4,08
Estonia;EST;2015;0,39;;
Ethiopia;ETH;2015;;;
Finland;FIN;2015;;;
Fiji;FJI;2015;;;
France;FRA;2015;0,55;;
Micronesia, Fed. Sts.;FSM;2015;0;8,37;11,66
United Kingdom;GBR;2015;0,19;7,47;5,16
Georgia;GEO;2015;;;
Ghana;GHA;2015;;;
Guinea;GIN;2015;;;
Gambia, The;GMB;2015;;;
Guinea-Bissau;GNB;2015;;;
Equatorial Guinea;GNQ;2015;;;
Greece;GRC;2015;0,35;;
Grenada;GRD;2015;;;
Guatemala;GTM;2015;0,11;1,95;3,07
Hong Kong SAR, China;HKG;2015;0,28;3,23;3,41
Honduras;HND;2015;;;
Croatia;HRV;2015;0,47;;
Hungary;HUN;2015;0,51;;
Indonesia;IDN;2015;;;
India;IND;2015;;0,86;3,5
Ireland;IRL;2015;;;
Iran, Islamic Rep.;IRN;2015;;;
Iraq;IRQ;2015;;;
Iceland;ISL;2015;1,45;7,2;6,8
Israel;ISR;2015;0,3;5;6,78
Italy;ITA;2015;0,26;7,03;4
Jamaica;JAM;2015;;;
Jordan;JOR;2015;0,08;3,2;3,8
Japan;JPN;2015;0,12;;
Kazakhstan;KAZ;2015;;;
Kenya;KEN;2015;;;
Kyrgyz Republic;KGZ;2015;;;
Cambodia;KHM;2015;;;
Kiribati;KIR;2015;0;;
St. Kitts and Nevis;KNA;2015;;;
Korea, Rep.;KOR;2015;;;
Kuwait;KWT;2015;;;
Lao PDR;LAO;2015;;;
Lebanon;LBN;2015;;;
Liberia;LBR;2015;;;
Sri Lanka;LKA;2015;;1,54;1,95
Lesotho;LSO;2015;;;
Lithuania;LTU;2015;0,14;4,71;5,07
Luxembourg;LUX;2015;0,45;;
Latvia;LVA;2015;0,26;;
Macao SAR, China;MAC;2015;;;
Morocco;MAR;2015;;;
Moldova;MDA;2015;;;
Madagascar;MDG;2015;;;
Maldives;MDV;2015;;;
Mexico;MEX;2015;;;
Marshall Islands;MHL;2015;0;8,3;17,63
North Macedonia;MKD;2015;;;
Mali;MLI;2015;;;
Malta;MLT;2015;;;
Myanmar;MMR;2015;;;
Mongolia;MNG;2015;;;
Mozambique;MOZ;2015;;;
Mauritius;MUS;2015;;1,13;1,9
Malawi;MWI;2015;;;
Malaysia;MYS;2015;;;
Namibia;NAM;2015;0,47;3,7;10,27
Niger;NER;2015;;;
Nigeria;NGA;2015;;;
Nicaragua;NIC;2015;;;
Netherlands;NLD;2015;;;
Norway;NOR;2015;0,34;;
Nepal;NPL;2015;;;
Nauru;NRU;2015;0,17;10,98;10,07
New Zealand;NZL;2015;;;
Oman;OMN;2015;;;
Pakistan;PAK;2015;;;
Panama;PAN;2015;0,12;2,07;3,11
Peru;PER;2015;;;
Philippines;PHL;2015;0;0,78;2,78
Palau;PLW;2015;0,19;6,89;5,71
Papua New Guinea;PNG;2015;;;
Poland;POL;2015;0,39;;
Portugal;PRT;2015;0,32;6,16;5,08
Paraguay;PRY;2015;;;
West Bank and Gaza;PSE;2015;;;
Qatar;QAT;2015;;;
Romania;ROU;2015;0,29;;
Russian Federation;RUS;2015;0,14;4,25;2,14
Rwanda;RWA;2015;;;
Saudi Arabia;SAU;2015;;;
Sudan;SDN;2015;;;
Senegal;SEN;2015;;;
Singapore;SGP;2015;;2,11;2,86
Solomon Islands;SLB;2015;0,09;5;12,48
Sierra Leone;SLE;2015;;;
El Salvador;SLV;2015;0,06;3,87;4,08
San Marino;SMR;2015;;;
Somalia;SOM;2015;;;
Serbia;SRB;2015;;;
Sao Tome and Principe;STP;2015;;;
Suriname;SUR;2015;;;
Slovak Republic;SVK;2015;0,17;7,13;4,17
Slovenia;SVN;2015;;;
Sweden;SWE;2015;;;
Eswatini;SWZ;2015;;;
Seychelles;SYC;2015;;;
Togo;TGO;2015;;;
Thailand;THA;2015;0,05;1,14;3,76
Tajikistan;TJK;2015;;;
Timor-Leste;TLS;2015;;;
Tonga;TON;2015;;;
Trinidad and Tobago;TTO;2015;;3,03;6,1
Tunisia;TUN;2015;;;
Turkiye;TUR;2015;0,22;5,19;3,71
Tanzania;TZA;2015;;;
Uganda;UGA;2015;0,01;0,91;1,9
Ukraine;UKR;2015;0,31;3,59;5,74
Uruguay;URY;2015;;;
United States;USA;2015;;9,14;6,09
Uzbekistan;UZB;2015;0;2,37;5,66
St. Vincent and the Grenadines;VCT;2015;;;
Vietnam;VNM;2015;;;
Vanuatu;VUT;2015;;;
Samoa;WSM;2015;;;
Kosovo;XKX;2015;;;
Yemen, Rep.;YEM;2015;;;
South Africa;ZAF;2015;0,36;4,61;7,71
Zambia;ZMB;2015;0,03;;
Zimbabwe;ZWE;2015;;;
Afghanistan;AFG;2016;0,03;1,88;3,95
Angola;AGO;2016;0,02;1,19;2,31
Albania;ALB;2016;;;
United Arab Emirates;ARE;2016;;;
Argentina;ARG;2016;0;;
Armenia;ARM;2016;;;
Australia;AUS;2016;0,41;6,96;5,43
Austria;AUT;2016;0,28;;
Azerbaijan;AZE;2016;0,74;1,21;3,1
Burundi;BDI;2016;;;
Belgium;BEL;2016;0,39;7,62;6,21
Benin;BEN;2016;;;
Burkina Faso;BFA;2016;;;
Bangladesh;BGD;2016;;0,72;2,2
Bulgaria;BGR;2016;0,55;;
Bahrain;BHR;2016;;;
Bahamas, The;BHS;2016;;;
Bosnia and Herzegovina;BIH;2016;;;
Belarus;BLR;2016;0,65;4,92;5,49
Belize;BLZ;2016;;;
Bolivia;BOL;2016;;;
Brazil;BRA;2016;0,03;2,14;2,37
Barbados;BRB;2016;;;
Bhutan;BTN;2016;;2,92;6,25
Botswana;BWA;2016;;;
Central African Republic;CAF;2016;;;
Canada;CAN;2016;0,32;8,4;4,66
Switzerland;CHE;2016;0,33;2,12;4,93
Chile;CHL;2016;0,09;4,5;4,99
China;CHN;2016;;;
Cote d'Ivoire;CIV;2016;;;
Cameroon;CMR;2016;;;
Congo, Dem. Rep.;COD;2016;;;
Congo, Rep.;COG;2016;;;
Colombia;COL;2016;;;
Cabo Verde;CPV;2016;0,12;;5,69
Costa Rica;CRI;2016;;;
Cyprus;CYP;2016;0,28;;
Czechia;CZE;2016;0,37;7,42;3,94
Germany;DEU;2016;0,24;;
Dominica;DMA;2016;;;
Denmark;DNK;2016;0,39;;
Dominican Republic;DOM;2016;;;
Algeria;DZA;2016;;;
Ecuador;ECU;2016;;;
Egypt, Arab Rep.;EGY;2016;;;
Spain;ESP;2016;0,38;5,96;4,04
Estonia;EST;2016;0,43;;
Ethiopia;ETH;2016;;;
Finland;FIN;2016;;;
Fiji;FJI;2016;;;
France;FRA;2016;0,54;;
Micronesia, Fed. Sts.;FSM;2016;0;8,68;11,6
United Kingdom;GBR;2016;0,17;7,47;5,03
Georgia;GEO;2016;;;
Ghana;GHA;2016;;;
Guinea;GIN;2016;;;
Gambia, The;GMB;2016;;;
Guinea-Bissau;GNB;2016;;;
Equatorial Guinea;GNQ;2016;;;
Greece;GRC;2016;0,36;;
Grenada;GRD;2016;;;
Guatemala;GTM;2016;0,11;2,15;3
Hong Kong SAR, China;HKG;2016;0,31;2,83;3,39
Honduras;HND;2016;;;
Croatia;HRV;2016;0,42;;
Hungary;HUN;2016;1,1;;
Indonesia;IDN;2016;;;
India;IND;2016;;0,84;3,57
Ireland;IRL;2016;;;
Iran, Islamic Rep.;IRN;2016;;;
Iraq;IRQ;2016;;;
Iceland;ISL;2016;1,42;7,56;6,7
Israel;ISR;2016;0,42;5,11;6,81
Italy;ITA;2016;0,27;6,91;3,86
Jamaica;JAM;2016;;;
Jordan;JOR;2016;0,08;3,24;3,68
Japan;JPN;2016;0,13;;
Kazakhstan;KAZ;2016;0,4;3,78;4,01
Kenya;KEN;2016;;;
Kyrgyz Republic;KGZ;2016;;;
Cambodia;KHM;2016;;;
Kiribati;KIR;2016;0;11,46;10,08
St. Kitts and Nevis;KNA;2016;;;
Korea, Rep.;KOR;2016;;;
Kuwait;KWT;2016;;;
Lao PDR;LAO;2016;;;
Lebanon;LBN;2016;;;
Liberia;LBR;2016;;;
Sri Lanka;LKA;2016;;1,45;1,86
Lesotho;LSO;2016;;;
Lithuania;LTU;2016;0,18;4,75;4,78
Luxembourg;LUX;2016;0,46;;
Latvia;LVA;2016;0,25;;
Macao SAR, China;MAC;2016;;;
Morocco;MAR;2016;;;
Moldova;MDA;2016;;;
Madagascar;MDG;2016;;;
Maldives;MDV;2016;;;
Mexico;MEX;2016;;;
Marshall Islands;MHL;2016;0;8,47;15,28
North Macedonia;MKD;2016;;;
Mali;MLI;2016;;;
Malta;MLT;2016;;;
Myanmar;MMR;2016;0,06;0,95;2,16
Mongolia;MNG;2016;;;
Mozambique;MOZ;2016;0,05;2,59;5,87
Mauritius;MUS;2016;;2,32;3,76
Malawi;MWI;2016;;;
Malaysia;MYS;2016;;;
Namibia;NAM;2016;0,25;4,43;9,17
Niger;NER;2016;;;
Nigeria;NGA;2016;;;
Nicaragua;NIC;2016;;;
Netherlands;NLD;2016;;;
Norway;NOR;2016;0,42;;
Nepal;NPL;2016;;;
Nauru;NRU;2016;0,26;11,45;7,99
New Zealand;NZL;2016;;;
Oman;OMN;2016;;;
Pakistan;PAK;2016;;;
Panama;PAN;2016;0,14;1,69;3,14
Peru;PER;2016;;;
Philippines;PHL;2016;0;0,84;3,03
Palau;PLW;2016;0,18;7,35;5,86
Papua New Guinea;PNG;2016;;;
Poland;POL;2016;0,34;;
Portugal;PRT;2016;0,26;6,11;4,77
Paraguay;PRY;2016;;;
West Bank and Gaza;PSE;2016;;;
Qatar;QAT;2016;;;
Romania;ROU;2016;0,26;;
Russian Federation;RUS;2016;0,23;4,39;3,69
Rwanda;RWA;2016;;;
Saudi Arabia;SAU;2016;;;
Sudan;SDN;2016;;;
Senegal;SEN;2016;;;
Singapore;SGP;2016;;2,23;2,87
Solomon Islands;SLB;2016;0,09;4,8;11,99
Sierra Leone;SLE;2016;;;
El Salvador;SLV;2016;0,06;3,81;4,06
San Marino;SMR;2016;;;
Somalia;SOM;2016;;;
Serbia;SRB;2016;;;
Sao Tome and Principe;STP;2016;;;
Suriname;SUR;2016;;;
Slovak Republic;SVK;2016;0,15;7,48;3,86
Slovenia;SVN;2016;;;
Sweden;SWE;2016;;;
Eswatini;SWZ;2016;;;
Seychelles;SYC;2016;;;
Togo;TGO;2016;;;
Thailand;THA;2016;0,05;1,15;3,64
Tajikistan;TJK;2016;;;
Timor-Leste;TLS;2016;;;
Tonga;TON;2016;;;
Trinidad and Tobago;TTO;2016;0,11;3,2;4,68
Tunisia;TUN;2016;;;
Turkiye;TUR;2016;0,22;5,3;3,9
Tanzania;TZA;2016;;;
Uganda;UGA;2016;0,01;1,04;1,84
Ukraine;UKR;2016;0,19;3,19;5,43
Uruguay;URY;2016;;;
United States;USA;2016;;9,35;6,12
Uzbekistan;UZB;2016;0;2,28;5,57
St. Vincent and the Grenadines;VCT;2016;;;
Vietnam;VNM;2016;;;
Vanuatu;VUT;2016;;;
Samoa;WSM;2016;;;
Kosovo;XKX;2016;0,09;2,78;4,64
Yemen, Rep.;YEM;2016;;;
South Africa;ZAF;2016;0,35;3,83;6,31
Zambia;ZMB;2016;0,01;;
Zimbabwe;ZWE;2016;;;
Afghanistan;AFG;2017;0,03;2,01;3,68
Angola;AGO;2017;0,01;1,04;2,03
Albania;ALB;2017;;;
United Arab Emirates;ARE;2017;;;
Argentina;ARG;2017;0;;
Armenia;ARM;2017;0,05;1,52;2,45
Australia;AUS;2017;0,4;7,14;5,32
Austria;AUT;2017;0,27;;
Azerbaijan;AZE;2017;0,06;1,04;2,62
Burundi;BDI;2017;;;
Belgium;BEL;2017;0,38;7,59;6,23
Benin;BEN;2017;;;
Burkina Faso;BFA;2017;;;
Bangladesh;BGD;2017;;;
Bulgaria;BGR;2017;0,57;;
Bahrain;BHR;2017;;;
Bahamas, The;BHS;2017;;;
Bosnia and Herzegovina;BIH;2017;;;
Belarus;BLR;2017;0,68;4,96;5,37
Belize;BLZ;2017;;;
Bolivia;BOL;2017;;;
Brazil;BRA;2017;0,02;2,1;2,29
Barbados;BRB;2017;;;
Bhutan;BTN;2017;;2,86;7,04
Botswana;BWA;2017;0,38;;
Central African Republic;CAF;2017;;;
Canada;CAN;2017;0,31;8,22;4,74
Switzerland;CHE;2017;0,34;2,07;4,92
Chile;CHL;2017;0,1;4,73;5,12
China;CHN;2017;;;
Cote d'Ivoire;CIV;2017;;;
Cameroon;CMR;2017;;;
Congo, Dem. Rep.;COD;2017;;;
Congo, Rep.;COG;2017;;;
Colombia;COL;2017;;;
Cabo Verde;CPV;2017;0,1;;
Costa Rica;CRI;2017;;;
Cyprus;CYP;2017;0,3;;
Czechia;CZE;2017;0,42;7,39;4,06
Germany;DEU;2017;0,24;;
Dominica;DMA;2017;;;
Denmark;DNK;2017;0,38;;
Dominican Republic;DOM;2017;;;
Algeria;DZA;2017;;;
Ecuador;ECU;2017;;;
Egypt, Arab Rep.;EGY;2017;;;
Spain;ESP;2017;0,39;5,85;3,97
Estonia;EST;2017;0,55;;
Ethiopia;ETH;2017;;;
Finland;FIN;2017;;;
Fiji;FJI;2017;;;
France;FRA;2017;0,55;;
Micronesia, Fed. Sts.;FSM;2017;0;8,02;11,09
United Kingdom;GBR;2017;0,17;7,35;5,02
Georgia;GEO;2017;;;
Ghana;GHA;2017;;;
Guinea;GIN;2017;;;
Gambia, The;GMB;2017;;;
Guinea-Bissau;GNB;2017;;;
Equatorial Guinea;GNQ;2017;;;
Greece;GRC;2017;0,38;;
Grenada;GRD;2017;;;
Guatemala;GTM;2017;0,11;2,05;3
Hong Kong SAR, China;HKG;2017;0,33;2,9;3,48
Honduras;HND;2017;;;
Croatia;HRV;2017;0,3;;
Hungary;HUN;2017;1,15;;
Indonesia;IDN;2017;;;
India;IND;2017;;0,95;3,66
Ireland;IRL;2017;0,09;;
Iran, Islamic Rep.;IRN;2017;;;
Iraq;IRQ;2017;;;
Iceland;ISL;2017;1,37;7,75;7,03
Israel;ISR;2017;0,36;5,22;6,98
Italy;ITA;2017;0,26;6,82;3,86
Jamaica;JAM;2017;;;
Jordan;JOR;2017;0,08;2,71;3,47
Japan;JPN;2017;0,13;;
Kazakhstan;KAZ;2017;0,37;2,55;3,28
Kenya;KEN;2017;;;
Kyrgyz Republic;KGZ;2017;;;
Cambodia;KHM;2017;;;
Kiribati;KIR;2017;0;11,01;10,81
St. Kitts and Nevis;KNA;2017;;;
Korea, Rep.;KOR;2017;;;
Kuwait;KWT;2017;;;
Lao PDR;LAO;2017;;;
Lebanon;LBN;2017;;;
Liberia;LBR;2017;;;
Sri Lanka;LKA;2017;;1,37;1,79
Lesotho;LSO;2017;;;
Lithuania;LTU;2017;0,21;4,58;4,54
Luxembourg;LUX;2017;0,5;;
Latvia;LVA;2017;0,32;;
Macao SAR, China;MAC;2017;;;
Morocco;MAR;2017;;;
Moldova;MDA;2017;;;
Madagascar;MDG;2017;;;
Maldives;MDV;2017;;;
Mexico;MEX;2017;;;
Marshall Islands;MHL;2017;0;11,8;15,22
North Macedonia;MKD;2017;;;
Mali;MLI;2017;;;
Malta;MLT;2017;;;
Myanmar;MMR;2017;;;
Mongolia;MNG;2017;;;
Mozambique;MOZ;2017;0,04;2,32;5,84
Mauritius;MUS;2017;;2,52;3,98
Malawi;MWI;2017;;;
Malaysia;MYS;2017;;;
Namibia;NAM;2017;0,17;3,97;7,3
Niger;NER;2017;;;
Nigeria;NGA;2017;;;
Nicaragua;NIC;2017;;;
Netherlands;NLD;2017;;;
Norway;NOR;2017;0,45;;
Nepal;NPL;2017;;;
Nauru;NRU;2017;0,15;10,99;12,17
New Zealand;NZL;2017;;;
Oman;OMN;2017;;;
Pakistan;PAK;2017;;;
Panama;PAN;2017;0,09;1,75;3,25
Peru;PER;2017;;;
Philippines;PHL;2017;0;0,98;3,97
Palau;PLW;2017;0,18;8,01;6,59
Papua New Guinea;PNG;2017;0,04;1,55;1,4
Poland;POL;2017;0,38;;
Portugal;PRT;2017;0,28;6,25;4,58
Paraguay;PRY;2017;;;
West Bank and Gaza;PSE;2017;;;
Qatar;QAT;2017;;;
Romania;ROU;2017;0,26;;
Russian Federation;RUS;2017;0,25;4,34;3,56
Rwanda;RWA;2017;;;
Saudi Arabia;SAU;2017;;;
Sudan;SDN;2017;;;
Senegal;SEN;2017;;;
Singapore;SGP;2017;0,13;2,15;2,76
Solomon Islands;SLB;2017;0,09;4,9;12,23
Sierra Leone;SLE;2017;;;
El Salvador;SLV;2017;0,06;3,82;3,79
San Marino;SMR;2017;;;
Somalia;SOM;2017;0,02;0,04;0,13
Serbia;SRB;2017;;;
Sao Tome and Principe;STP;2017;;;
Suriname;SUR;2017;;;
Slovak Republic;SVK;2017;0,15;5,49;3,89
Slovenia;SVN;2017;;;
Sweden;SWE;2017;;;
Eswatini;SWZ;2017;;;
Seychelles;SYC;2017;;;
Togo;TGO;2017;;;
Thailand;THA;2017;0,07;1,19;3,36
Tajikistan;TJK;2017;;;
Timor-Leste;TLS;2017;;;
Tonga;TON;2017;;;
Trinidad and Tobago;TTO;2017;;3,33;5,38
Tunisia;TUN;2017;;;
Turkiye;TUR;2017;0,24;5,25;3,65
Tanzania;TZA;2017;;0,92;3,41
Uganda;UGA;2017;0;1,02;1,93
Ukraine;UKR;2017;0,23;3,43;5,96
Uruguay;URY;2017;;;
United States;USA;2017;;9,34;6,05
Uzbekistan;UZB;2017;0;2,14;5,08
St. Vincent and the Grenadines;VCT;2017;;;
Vietnam;VNM;2017;;;
Vanuatu;VUT;2017;;;
Samoa;WSM;2017;;;
Kosovo;XKX;2017;0,17;2,81;4,45
Yemen, Rep.;YEM;2017;;;
South Africa;ZAF;2017;0,34;4,6;7,49
Zambia;ZMB;2017;0,03;;
Zimbabwe;ZWE;2017;;;
Afghanistan;AFG;2018;;;
Angola;AGO;2018;0,02;0,95;1,59
Albania;ALB;2018;;;
United Arab Emirates;ARE;2018;;;
Argentina;ARG;2018;0;;
Armenia;ARM;2018;0,05;1,37;2,26
Australia;AUS;2018;0,43;7,02;5,41
Austria;AUT;2018;0,28;;
Azerbaijan;AZE;2018;0,09;0,92;2,56
Burundi;BDI;2018;;;
Belgium;BEL;2018;0,42;7,63;6,21
Benin;BEN;2018;;;
Burkina Faso;BFA;2018;;;
Bangladesh;BGD;2018;;;
Bulgaria;BGR;2018;0,49;;
Bahrain;BHR;2018;;;
Bahamas, The;BHS;2018;;;
Bosnia and Herzegovina;BIH;2018;;;
Belarus;BLR;2018;0,81;4,71;5,38
Belize;BLZ;2018;;;
Bolivia;BOL;2018;;;
Brazil;BRA;2018;0,01;2,16;2,28
Barbados;BRB;2018;;;
Bhutan;BTN;2018;;2,98;6,64
Botswana;BWA;2018;0,57;;
Central African Republic;CAF;2018;;;
Canada;CAN;2018;0,31;8,08;4,77
Switzerland;CHE;2018;0,35;2,09;4,84
Chile;CHL;2018;0,09;4,96;5,25
China;CHN;2018;;;
Cote d'Ivoire;CIV;2018;;;
Cameroon;CMR;2018;;;
Congo, Dem. Rep.;COD;2018;;;
Congo, Rep.;COG;2018;;;
Colombia;COL;2018;;;
Cabo Verde;CPV;2018;;;
Costa Rica;CRI;2018;;;
Cyprus;CYP;2018;0,29;;
Czechia;CZE;2018;0,48;7,49;4,57
Germany;DEU;2018;0,25;;
Dominica;DMA;2018;;;
Denmark;DNK;2018;0,39;;
Dominican Republic;DOM;2018;;;
Algeria;DZA;2018;;;
Ecuador;ECU;2018;;;
Egypt, Arab Rep.;EGY;2018;;;
Spain;ESP;2018;0,4;5,89;3,94
Estonia;EST;2018;0,53;;
Ethiopia;ETH;2018;;;
Finland;FIN;2018;;;
Fiji;FJI;2018;;;
France;FRA;2018;0,54;;
Micronesia, Fed. Sts.;FSM;2018;0;7,69;9,78
United Kingdom;GBR;2018;0,18;7,44;4,9
Georgia;GEO;2018;;;
Ghana;GHA;2018;;;
Guinea;GIN;2018;;;
Gambia, The;GMB;2018;;;
Guinea-Bissau;GNB;2018;;;
Equatorial Guinea;GNQ;2018;;;
Greece;GRC;2018;0,44;;
Grenada;GRD;2018;;;
Guatemala;GTM;2018;0,11;2,09;3,19
Hong Kong SAR, China;HKG;2018;0,61;3,02;3,99
Honduras;HND;2018;;;
Croatia;HRV;2018;0,3;;
Hungary;HUN;2018;0,98;;
Indonesia;IDN;2018;;;
India;IND;2018;;;
Ireland;IRL;2018;0,11;;
Iran, Islamic Rep.;IRN;2018;;;
Iraq;IRQ;2018;;;
Iceland;ISL;2018;1,44;8,04;7,02
Israel;ISR;2018;0,38;5,24;7,07
Italy;ITA;2018;0,26;6,81;3,93
Jamaica;JAM;2018;;;
Jordan;JOR;2018;0,12;3,33;3,41
Japan;JPN;2018;0,14;;
Kazakhstan;KAZ;2018;0,23;1,96;3,25
Kenya;KEN;2018;;;
Kyrgyz Republic;KGZ;2018;;;
Cambodia;KHM;2018;;;
Kiribati;KIR;2018;0;12,22;12
St. Kitts and Nevis;KNA;2018;;;
Korea, Rep.;KOR;2018;;;
Kuwait;KWT;2018;;;
Lao PDR;LAO;2018;;;
Lebanon;LBN;2018;;;
Liberia;LBR;2018;;;
Sri Lanka;LKA;2018;;1,42;1,74
Lesotho;LSO;2018;;;
Lithuania;LTU;2018;0,22;4,78;4,53
Luxembourg;LUX;2018;0,52;;
Latvia;LVA;2018;0,32;;
Macao SAR, China;MAC;2018;;;
Morocco;MAR;2018;;;
Moldova;MDA;2018;;;
Madagascar;MDG;2018;;;
Maldives;MDV;2018;;;
Mexico;MEX;2018;;;
Marshall Islands;MHL;2018;0;11,64;15,2
North Macedonia;MKD;2018;;;
Mali;MLI;2018;;;
Malta;MLT;2018;;;
Myanmar;MMR;2018;0,02;0,38;0,85
Mongolia;MNG;2018;;;
Mozambique;MOZ;2018;0,03;2,58;5,81
Mauritius;MUS;2018;0,16;2,45;3,87
Malawi;MWI;2018;;;
Malaysia;MYS;2018;;;
Namibia;NAM;2018;0,16;3,76;6,92
Niger;NER;2018;;;
Nigeria;NGA;2018;;;
Nicaragua;NIC;2018;;;
Netherlands;NLD;2018;;;
Norway;NOR;2018;0,44;;
Nepal;NPL;2018;;;
Nauru;NRU;2018;2,44;10,77;8,8
New Zealand;NZL;2018;;;
Oman;OMN;2018;;;
Pakistan;PAK;2018;;;
Panama;PAN;2018;0,1;1,67;3,29
Peru;PER;2018;;;
Philippines;PHL;2018;0;0,95;3,86
Palau;PLW;2018;0,26;8;6,53
Papua New Guinea;PNG;2018;0,01;1,7;1,62
Poland;POL;2018;0,45;;
Portugal;PRT;2018;0,31;6,46;4,44
Paraguay;PRY;2018;;;
West Bank and Gaza;PSE;2018;;;
Qatar;QAT;2018;;;
Romania;ROU;2018;0,29;;
Russian Federation;RUS;2018;0,25;4,5;3,52
Rwanda;RWA;2018;;;
Saudi Arabia;SAU;2018;;;
Sudan;SDN;2018;;;
Senegal;SEN;2018;;;
Singapore;SGP;2018;0,13;2,05;2,62
Solomon Islands;SLB;2018;0,08;4,22;10,54
Sierra Leone;SLE;2018;;;
El Salvador;SLV;2018;0,07;4,03;3,96
San Marino;SMR;2018;;;
Somalia;SOM;2018;0,02;0,05;0,23
Serbia;SRB;2018;;;
Sao Tome and Principe;STP;2018;;;
Suriname;SUR;2018;;;
Slovak Republic;SVK;2018;0,2;5,56;3,94
Slovenia;SVN;2018;;;
Sweden;SWE;2018;;;
Eswatini;SWZ;2018;;;
Seychelles;SYC;2018;;;
Togo;TGO;2018;;;
Thailand;THA;2018;0,29;1,24;3,06
Tajikistan;TJK;2018;;;
Timor-Leste;TLS;2018;;;
Tonga;TON;2018;;;
Trinidad and Tobago;TTO;2018;0,16;3,18;4,24
Tunisia;TUN;2018;;;
Turkiye;TUR;2018;0,19;5,1;3,71
Tanzania;TZA;2018;;1,2;3,83
Uganda;UGA;2018;0;0,81;1,59
Ukraine;UKR;2018;0,24;3,28;5,9
Uruguay;URY;2018;;;
United States;USA;2018;;9,34;5,98
Uzbekistan;UZB;2018;0;2,21;5,14
St. Vincent and the Grenadines;VCT;2018;;;
Vietnam;VNM;2018;;;
Vanuatu;VUT;2018;;;
Samoa;WSM;2018;;;
Kosovo;XKX;2018;0,24;2,99;4,52
Yemen, Rep.;YEM;2018;;;
South Africa;ZAF;2018;0,32;4,63;8,18
Zambia;ZMB;2018;0,07;;
Zimbabwe;ZWE;2018;;;
Afghanistan;AFG;2019;;;
Angola;AGO;2019;0,01;1,06;2,01
Albania;ALB;2019;;;
United Arab Emirates;ARE;2019;;;
Argentina;ARG;2019;0;;
Armenia;ARM;2019;0,06;1,53;2,57
Australia;AUS;2019;0,42;6,98;5,5
Austria;AUT;2019;0,27;;
Azerbaijan;AZE;2019;0,08;1,1;2,78
Burundi;BDI;2019;;;
Belgium;BEL;2019;0,4;7,59;6,13
Benin;BEN;2019;;;
Burkina Faso;BFA;2019;0,06;0,92;1,52
Bangladesh;BGD;2019;;;
Bulgaria;BGR;2019;0,39;;
Bahrain;BHR;2019;;;
Bahamas, The;BHS;2019;;;
Bosnia and Herzegovina;BIH;2019;;;
Belarus;BLR;2019;0,56;4,57;5,32
Belize;BLZ;2019;;;
Bolivia;BOL;2019;;;
Brazil;BRA;2019;0,01;2,16;2,24
Barbados;BRB;2019;;;
Bhutan;BTN;2019;;2,81;5,49
Botswana;BWA;2019;0;;
Central African Republic;CAF;2019;;;
Canada;CAN;2019;0,31;8,13;4,74
Switzerland;CHE;2019;0,35;2,15;4,93
Chile;CHL;2019;0,09;5,18;5,43
China;CHN;2019;;;
Cote d'Ivoire;CIV;2019;;;
Cameroon;CMR;2019;;;
Congo, Dem. Rep.;COD;2019;;;
Congo, Rep.;COG;2019;;;
Colombia;COL;2019;;;
Cabo Verde;CPV;2019;;;
Costa Rica;CRI;2019;;;
Cyprus;CYP;2019;0,36;;
Czechia;CZE;2019;0,46;7,55;4,86
Germany;DEU;2019;0,26;;
Dominica;DMA;2019;;;
Denmark;DNK;2019;0,39;;
Dominican Republic;DOM;2019;;;
Algeria;DZA;2019;;;
Ecuador;ECU;2019;;;
Egypt, Arab Rep.;EGY;2019;;;
Spain;ESP;2019;0,42;5,99;3,99
Estonia;EST;2019;0,59;;
Ethiopia;ETH;2019;;;
Finland;FIN;2019;;;
Fiji;FJI;2019;;;
France;FRA;2019;0,56;;
Micronesia, Fed. Sts.;FSM;2019;0;7,6;9,05
United Kingdom;GBR;2019;0,17;7,56;4,87
Georgia;GEO;2019;;;
Ghana;GHA;2019;;;
Guinea;GIN;2019;;;
Gambia, The;GMB;2019;;;
Guinea-Bissau;GNB;2019;;;
Equatorial Guinea;GNQ;2019;;;
Greece;GRC;2019;0,43;;
Grenada;GRD;2019;;;
Guatemala;GTM;2019;0,13;2,25;3,25
Hong Kong SAR, China;HKG;2019;0,39;3,24;3,74
Honduras;HND;2019;;;
Croatia;HRV;2019;0,32;;
Hungary;HUN;2019;1,08;;
Indonesia;IDN;2019;;;
India;IND;2019;;;
Ireland;IRL;2019;0,1;;
Iran, Islamic Rep.;IRN;2019;;;
Iraq;IRQ;2019;;;
Iceland;ISL;2019;1,41;8,12;7,01
Israel;ISR;2019;0,38;5,24;6,97
Italy;ITA;2019;0,27;6,81;3,9
Jamaica;JAM;2019;;;
Jordan;JOR;2019;0,13;3,18;3,43
Japan;JPN;2019;0,17;;
Kazakhstan;KAZ;2019;0,22;1,95;3,7
Kenya;KEN;2019;;;
Kyrgyz Republic;KGZ;2019;;;
Cambodia;KHM;2019;;;
Kiribati;KIR;2019;0;13,31;13,57
St. Kitts and Nevis;KNA;2019;;;
Korea, Rep.;KOR;2019;;;
Kuwait;KWT;2019;;;
Lao PDR;LAO;2019;;;
Lebanon;LBN;2019;0;;
Liberia;LBR;2019;;;
Sri Lanka;LKA;2019;0;1,54;1,82
Lesotho;LSO;2019;;;
Lithuania;LTU;2019;0,25;5,06;4,61
Luxembourg;LUX;2019;0,53;;
Latvia;LVA;2019;0,25;;
Macao SAR, China;MAC;2019;;;
Morocco;MAR;2019;;;
Moldova;MDA;2019;;;
Madagascar;MDG;2019;;;
Maldives;MDV;2019;;;
Mexico;MEX;2019;;;
Marshall Islands;MHL;2019;0;11,32;15,75
North Macedonia;MKD;2019;;;
Mali;MLI;2019;;;
Malta;MLT;2019;;;
Myanmar;MMR;2019;0,07;0,88;2
Mongolia;MNG;2019;;;
Mozambique;MOZ;2019;0,04;2,36;6,08
Mauritius;MUS;2019;0,25;2,56;3,74
Malawi;MWI;2019;;;
Malaysia;MYS;2019;;;
Namibia;NAM;2019;0,16;3,76;11,3
Niger;NER;2019;;;
Nigeria;NGA;2019;;;
Nicaragua;NIC;2019;;;
Netherlands;NLD;2019;;;
Norway;NOR;2019;0,5;;
Nepal;NPL;2019;;;
Nauru;NRU;2019;;;
New Zealand;NZL;2019;;;
Oman;OMN;2019;;;
Pakistan;PAK;2019;;;
Panama;PAN;2019;0,12;1,76;3,49
Peru;PER;2019;;;
Philippines;PHL;2019;0,05;0,89;3,45
Palau;PLW;2019;0,29;8,22;6,81
Papua New Guinea;PNG;2019;0,03;2,17;1,68
Poland;POL;2019;0,44;;
Portugal;PRT;2019;0,31;6,49;4,47
Paraguay;PRY;2019;;;
West Bank and Gaza;PSE;2019;;;
Qatar;QAT;2019;;;
Romania;ROU;2019;0,3;;
Russian Federation;RUS;2019;0,28;4,89;3,57
Rwanda;RWA;2019;;;
Saudi Arabia;SAU;2019;;;
Sudan;SDN;2019;;;
Senegal;SEN;2019;;;
Singapore;SGP;2019;0,13;2,21;2,61
Solomon Islands;SLB;2019;0,08;4,33;10,8
Sierra Leone;SLE;2019;;;
El Salvador;SLV;2019;0,08;4,01;3,75
San Marino;SMR;2019;;;
Somalia;SOM;2019;0,01;0,06;0,27
Serbia;SRB;2019;;;
Sao Tome and Principe;STP;2019;;;
Suriname;SUR;2019;;;
Slovak Republic;SVK;2019;0,23;5,76;4,26
Slovenia;SVN;2019;;;
Sweden;SWE;2019;;;
Eswatini;SWZ;2019;;;
Seychelles;SYC;2019;;;
Togo;TGO;2019;;;
Thailand;THA;2019;0,05;1,3;2,97
Tajikistan;TJK;2019;;;
Timor-Leste;TLS;2019;;;
Tonga;TON;2019;;;
Trinidad and Tobago;TTO;2019;;;
Tunisia;TUN;2019;;;
Turkiye;TUR;2019;0,08;5,52;3,93
Tanzania;TZA;2019;;;
Uganda;UGA;2019;0;1,02;1,53
Ukraine;UKR;2019;0,24;3,25;6
Uruguay;URY;2019;;;
United States;USA;2019;;9,46;5,93
Uzbekistan;UZB;2019;0;2,42;6,73
St. Vincent and the Grenadines;VCT;2019;;;
Vietnam;VNM;2019;;;
Vanuatu;VUT;2019;;;
Samoa;WSM;2019;;;
Kosovo;XKX;2019;0,15;2,53;4,01
Yemen, Rep.;YEM;2019;;;
South Africa;ZAF;2019;0,33;4,89;7,69
Zambia;ZMB;2019;0,02;;
Zimbabwe;ZWE;2019;;;
Afghanistan;AFG;2020;;;
Angola;AGO;2020;;;
Albania;ALB;2020;;;
United Arab Emirates;ARE;2020;;;
Argentina;ARG;2020;0;;
Armenia;ARM;2020;0,06;2,4;2,98
Australia;AUS;2020;0,46;7,58;6,09
Austria;AUT;2020;0,29;;
Azerbaijan;AZE;2020;0,05;2,34;3,98
Burundi;BDI;2020;;;
Belgium;BEL;2020;0,38;8,88;6,61
Benin;BEN;2020;;;
Burkina Faso;BFA;2020;;;
Bangladesh;BGD;2020;;;
Bulgaria;BGR;2020;0,41;;
Bahrain;BHR;2020;;;
Bahamas, The;BHS;2020;;;
Bosnia and Herzegovina;BIH;2020;;;
Belarus;BLR;2020;0,49;5,38;5,46
Belize;BLZ;2020;;;
Bolivia;BOL;2020;;;
Brazil;BRA;2020;0,01;2,67;2,16
Barbados;BRB;2020;;;
Bhutan;BTN;2020;;3,67;7,26
Botswana;BWA;2020;0;;
Central African Republic;CAF;2020;;;
Canada;CAN;2020;0,29;9,72;5,02
Switzerland;CHE;2020;0,37;2,54;5,2
Chile;CHL;2020;0,08;6,05;5,43
China;CHN;2020;;;
Cote d'Ivoire;CIV;2020;;;
Cameroon;CMR;2020;;;
Congo, Dem. Rep.;COD;2020;;;
Congo, Rep.;COG;2020;;;
Colombia;COL;2020;;;
Cabo Verde;CPV;2020;;;
Costa Rica;CRI;2020;;;
Cyprus;CYP;2020;0,35;;
Czechia;CZE;2020;0,48;9,34;5,06
Germany;DEU;2020;0,28;;
Dominica;DMA;2020;;;
Denmark;DNK;2020;0,4;;
Dominican Republic;DOM;2020;;;
Algeria;DZA;2020;;;
Ecuador;ECU;2020;;;
Egypt, Arab Rep.;EGY;2020;;;
Spain;ESP;2020;0,42;7,49;4,6
Estonia;EST;2020;0,58;;
Ethiopia;ETH;2020;;;
Finland;FIN;2020;;;
Fiji;FJI;2020;;;
France;FRA;2020;0,55;;
Micronesia, Fed. Sts.;FSM;2020;0;8,39;9,65
United Kingdom;GBR;2020;0,17;9,83;5,52
Georgia;GEO;2020;;;
Ghana;GHA;2020;;;
Guinea;GIN;2020;;;
Gambia, The;GMB;2020;;;
Guinea-Bissau;GNB;2020;;;
Equatorial Guinea;GNQ;2020;;;
Greece;GRC;2020;0,51;;
Grenada;GRD;2020;;;
Guatemala;GTM;2020;0,09;2,22;3,43
Hong Kong SAR, China;HKG;2020;0,53;3,93;4,13
Honduras;HND;2020;0,02;3,21;5,11
Croatia;HRV;2020;0,37;;
Hungary;HUN;2020;1,27;;
Indonesia;IDN;2020;;;
India;IND;2020;;;
Ireland;IRL;2020;0,1;;
Iran, Islamic Rep.;IRN;2020;;;
Iraq;IRQ;2020;;;
Iceland;ISL;2020;;;
Israel;ISR;2020;0,34;6,15;7,02
Italy;ITA;2020;0,26;7,89;4,27
Jamaica;JAM;2020;;;
Jordan;JOR;2020;0,11;2,79;3,67
Japan;JPN;2020;0,14;;
Kazakhstan;KAZ;2020;0,21;2,84;4,81
Kenya;KEN;2020;0,13;1,96;4,63
Kyrgyz Republic;KGZ;2020;0,14;3,71;7,04
Cambodia;KHM;2020;;;
Kiribati;KIR;2020;0;11;12,35
St. Kitts and Nevis;KNA;2020;;;
Korea, Rep.;KOR;2020;;;
Kuwait;KWT;2020;;;
Lao PDR;LAO;2020;;;
Lebanon;LBN;2020;0;;
Liberia;LBR;2020;;;
Sri Lanka;LKA;2020;;;
Lesotho;LSO;2020;;;
Lithuania;LTU;2020;0,31;5,94;5,22
Luxembourg;LUX;2020;0,49;;
Latvia;LVA;2020;0,22;;
Macao SAR, China;MAC;2020;;;
Morocco;MAR;2020;;;
Moldova;MDA;2020;;;
Madagascar;MDG;2020;;;
Maldives;MDV;2020;;;
Mexico;MEX;2020;;;
Marshall Islands;MHL;2020;;;
North Macedonia;MKD;2020;;;
Mali;MLI;2020;;;
Malta;MLT;2020;;;
Myanmar;MMR;2020;;;
Mongolia;MNG;2020;;;
Mozambique;MOZ;2020;0,04;3,27;6,42
Mauritius;MUS;2020;0,2;3,41;4,38
Malawi;MWI;2020;;;
Malaysia;MYS;2020;;;
Namibia;NAM;2020;0,16;4,69;9,87
Niger;NER;2020;;;
Nigeria;NGA;2020;;;
Nicaragua;NIC;2020;;;
Netherlands;NLD;2020;;;
Norway;NOR;2020;0,54;;
Nepal;NPL;2020;0,19;1,81;3,17
Nauru;NRU;2020;;;
New Zealand;NZL;2020;;;
Oman;OMN;2020;;;
Pakistan;PAK;2020;;;
Panama;PAN;2020;0,13;3,43;4,24
Peru;PER;2020;;;
Philippines;PHL;2020;0,01;1,06;3,88
Palau;PLW;2020;;;
Papua New Guinea;PNG;2020;0,05;2,41;1,35
Poland;POL;2020;0,39;;
Portugal;PRT;2020;0,33;7,48;4,74
Paraguay;PRY;2020;;;
West Bank and Gaza;PSE;2020;;;
Qatar;QAT;2020;;;
Romania;ROU;2020;0,3;;
Russian Federation;RUS;2020;0,29;5,68;3,88
Rwanda;RWA;2020;;;
Saudi Arabia;SAU;2020;;;
Sudan;SDN;2020;;;
Senegal;SEN;2020;;;
Singapore;SGP;2020;0,13;3,3;3,11
Solomon Islands;SLB;2020;0,89;5,25;12,88
Sierra Leone;SLE;2020;;;
El Salvador;SLV;2020;0,06;4,99;4,23
San Marino;SMR;2020;;;
Somalia;SOM;2020;;;
Serbia;SRB;2020;;;
Sao Tome and Principe;STP;2020;;;
Suriname;SUR;2020;;;
Slovak Republic;SVK;2020;0,2;6,18;4,51
Slovenia;SVN;2020;;;
Sweden;SWE;2020;;;
Eswatini;SWZ;2020;;;
Seychelles;SYC;2020;;;
Togo;TGO;2020;;;
Thailand;THA;2020;0,05;1,42;3,1
Tajikistan;TJK;2020;;;
Timor-Leste;TLS;2020;;;
Tonga;TON;2020;0,14;5,09;6,29
Trinidad and Tobago;TTO;2020;;;
Tunisia;TUN;2020;;;
Turkiye;TUR;2020;0,14;5,94;3,45
Tanzania;TZA;2020;;;
Uganda;UGA;2020;;;
Ukraine;UKR;2020;0,22;4,17;5,98
Uruguay;URY;2020;;;
United States;USA;2020;;10,44;6
Uzbekistan;UZB;2020;0;3,2;6,07
St. Vincent and the Grenadines;VCT;2020;;;
Vietnam;VNM;2020;;;
Vanuatu;VUT;2020;;;
Samoa;WSM;2020;;5,27;4,93
Kosovo;XKX;2020;0,17;3,74;4,56
Yemen, Rep.;YEM;2020;;;
South Africa;ZAF;2020;0,31;5,52;8,08
Zambia;ZMB;2020;0,07;;
Zimbabwe;ZWE;2020;;;
Afghanistan;AFG;2021;;;
Angola;AGO;2021;;;
Albania;ALB;2021;;;
United Arab Emirates;ARE;2021;;;
Argentina;ARG;2021;0;;
Armenia;ARM;2021;0,07;2,3;2,83
Australia;AUS;2021;0,43;7,53;5,56
Austria;AUT;2021;0,31;;
Azerbaijan;AZE;2021;0,05;1,5;3,45
Burundi;BDI;2021;;;
Belgium;BEL;2021;0,38;8,55;6,23
Benin;BEN;2021;;;
Burkina Faso;BFA;2021;;;
Bangladesh;BGD;2021;;;
Bulgaria;BGR;2021;0,46;;
Bahrain;BHR;2021;;;
Bahamas, The;BHS;2021;;;
Bosnia and Herzegovina;BIH;2021;;;
Belarus;BLR;2021;;;
Belize;BLZ;2021;;;
Bolivia;BOL;2021;;;
Brazil;BRA;2021;0,01;2,43;2,15
Barbados;BRB;2021;;;
Bhutan;BTN;2021;;;
Botswana;BWA;2021;0;;
Central African Republic;CAF;2021;;;
Canada;CAN;2021;0,25;9,12;4,59
Switzerland;CHE;2021;0,37;2,78;5,04
Chile;CHL;2021;0,08;5,75;4,79
China;CHN;2021;;;
Cote d'Ivoire;CIV;2021;;;
Cameroon;CMR;2021;;;
Congo, Dem. Rep.;COD;2021;;;
Congo, Rep.;COG;2021;;;
Colombia;COL;2021;;;
Cabo Verde;CPV;2021;;;
Costa Rica;CRI;2021;0,03;6,65;6,4
Cyprus;CYP;2021;0,22;;
Czechia;CZE;2021;0,42;9,83;5,05
Germany;DEU;2021;0,27;;
Dominica;DMA;2021;;;
Denmark;DNK;2021;0,37;;
Dominican Republic;DOM;2021;;;
Algeria;DZA;2021;;;
Ecuador;ECU;2021;;;
Egypt, Arab Rep.;EGY;2021;;;
Spain;ESP;2021;0,43;7,23;4,59
Estonia;EST;2021;0,65;;
Ethiopia;ETH;2021;;;
Finland;FIN;2021;;;
Fiji;FJI;2021;;;
France;FRA;2021;0,53;;
Micronesia, Fed. Sts.;FSM;2021;;;
United Kingdom;GBR;2021;0,17;9,82;5,33
Georgia;GEO;2021;;;
Ghana;GHA;2021;;;
Guinea;GIN;2021;;;
Gambia, The;GMB;2021;;;
Guinea-Bissau;GNB;2021;;;
Equatorial Guinea;GNQ;2021;;;
Greece;GRC;2021;0,53;;
Grenada;GRD;2021;;;
Guatemala;GTM;2021;0,09;2,45;3,29
Hong Kong SAR, China;HKG;2021;;;
Honduras;HND;2021;;;
Croatia;HRV;2021;0,37;;
Hungary;HUN;2021;0,88;;
Indonesia;IDN;2021;;;
India;IND;2021;;;
Ireland;IRL;2021;0,09;;
Iran, Islamic Rep.;IRN;2021;;;
Iraq;IRQ;2021;;;
Iceland;ISL;2021;;;
Israel;ISR;2021;0,33;5,71;7,42
Italy;ITA;2021;0,3;7,63;4,13
Jamaica;JAM;2021;;;
Jordan;JOR;2021;;;
Japan;JPN;2021;0,18;;
Kazakhstan;KAZ;2021;0,22;2,92;5,17
Kenya;KEN;2021;;;
Kyrgyz Republic;KGZ;2021;0,17;3,75;6,68
Cambodia;KHM;2021;;;
Kiribati;KIR;2021;0;12,46;15,59
St. Kitts and Nevis;KNA;2021;;;
Korea, Rep.;KOR;2021;;;
Kuwait;KWT;2021;;;
Lao PDR;LAO;2021;;;
Lebanon;LBN;2021;;;
Liberia;LBR;2021;;;
Sri Lanka;LKA;2021;0;2,19;1,76
Lesotho;LSO;2021;;;
Lithuania;LTU;2021;0,31;5,97;4,84
Luxembourg;LUX;2021;0,47;;
Latvia;LVA;2021;0,21;;
Macao SAR, China;MAC;2021;;;
Morocco;MAR;2021;;;
Moldova;MDA;2021;;;
Madagascar;MDG;2021;;;
Maldives;MDV;2021;;;
Mexico;MEX;2021;;;
Marshall Islands;MHL;2021;;;
North Macedonia;MKD;2021;;;
Mali;MLI;2021;;;
Malta;MLT;2021;;;
Myanmar;MMR;2021;;;
Mongolia;MNG;2021;;;
Mozambique;MOZ;2021;0,06;2,99;6,44
Mauritius;MUS;2021;0,15;3,17;4,19
Malawi;MWI;2021;;;
Malaysia;MYS;2021;;;
Namibia;NAM;2021;0,07;4,93;9,81
Niger;NER;2021;;;
Nigeria;NGA;2021;;;
Nicaragua;NIC;2021;;;
Netherlands;NLD;2021;;;
Norway;NOR;2021;0,44;;
Nepal;NPL;2021;0,03;2,04;3,7
Nauru;NRU;2021;;;
New Zealand;NZL;2021;;;
Oman;OMN;2021;;;
Pakistan;PAK;2021;;;
Panama;PAN;2021;;;
Peru;PER;2021;;;
Philippines;PHL;2021;0,01;1,63;3,95
Palau;PLW;2021;;;
Papua New Guinea;PNG;2021;;;
Poland;POL;2021;0,39;;
Portugal;PRT;2021;0,37;7,74;4,71
Paraguay;PRY;2021;;;
West Bank and Gaza;PSE;2021;;;
Qatar;QAT;2021;;;
Romania;ROU;2021;0,27;;
Russian Federation;RUS;2021;;;
Rwanda;RWA;2021;;;
Saudi Arabia;SAU;2021;;;
Sudan;SDN;2021;;;
Senegal;SEN;2021;;;
Singapore;SGP;2021;0,11;3,36;2,54
Solomon Islands;SLB;2021;;;
Sierra Leone;SLE;2021;;;
El Salvador;SLV;2021;0,07;5,35;3,95
San Marino;SMR;2021;;;
Somalia;SOM;2021;;;
Serbia;SRB;2021;;;
Sao Tome and Principe;STP;2021;;;
Suriname;SUR;2021;;;
Slovak Republic;SVK;2021;0,2;7,12;4,4
Slovenia;SVN;2021;;;
Sweden;SWE;2021;;;
Eswatini;SWZ;2021;;;
Seychelles;SYC;2021;;;
Togo;TGO;2021;;;
Thailand;THA;2021;0,05;1,79;3,14
Tajikistan;TJK;2021;;;
Timor-Leste;TLS;2021;;;
Tonga;TON;2021;;;
Trinidad and Tobago;TTO;2021;;;
Tunisia;TUN;2021;;;
Turkiye;TUR;2021;0,16;5,22;2,91
Tanzania;TZA;2021;;;
Uganda;UGA;2021;;;
Ukraine;UKR;2021;0,28;3,75;5,73
Uruguay;URY;2021;;;
United States;USA;2021;;;
Uzbekistan;UZB;2021;;;
St. Vincent and the Grenadines;VCT;2021;;;
Vietnam;VNM;2021;;;
Vanuatu;VUT;2021;;;
Samoa;WSM;2021;;6,3;6,36
Kosovo;XKX;2021;0,21;3,61;4,4
Yemen, Rep.;YEM;2021;;;
South Africa;ZAF;2021;0,28;5,16;7,42
Zambia;ZMB;2021;0,08;;
Zimbabwe;ZWE;2021;;;
